Variable / Field Name,New_fieldName,Form Name,New_formName,Section Header,New_Section Header,Field Type,New_FieldType,Field Label,New_FieldLabel,"Choices, Calculations, OR Slider Labels","New_Choices, Calculations, OR Slider Labels",Field Note,New_FieldNote,Text Validation Type OR Show Slider Number,New_Text Validation Type OR Show Slider Number,Text Validation Min,New_Text Validation Min,Text Validation Max,New_Text Validation Max,Branching Logic (Show field only if...),New_Branching Logic (Show field only if),Required Field?,New_Required Field?,Custom Alignment,New_Custom Alignment,Unique
id,,biodata,,,,text,,Unique ID,,,,Use format [hosp id][record id] - eg.5100001 for Kiambu record 00001,,nan , integer,nan , 5100000.0,nan , 8000000.0, , ,y,,,,
hosp_id,,biodata,,,,dropdown,,Hospital ID,,"51, Kiambu DH |52, Machakos |53, Mama Lucy Kayole |54, Mbagathi DH |55, Kerugoya DH |57, Karatina SDH |58, Nyeri PGH |59,  Nyahururu DH | 60, Siaya DH | 61, Bungoma DH  |62, Kisumu East DH |63, Kakamega PGH |64, Vihiga DH |65, Bondo DH |66, Yala DH |67, Busia DH |68,Kitale DH "," 51, Kiambu DH | 52, Machakos | 53, Mama Lucy Kayole | 54, Mbagathi DH | 55, Kerugoya DH | 57, Karatina SDH | 58, Nyeri PGH | 59, Nyahururu DH | 60, Siaya DH | 61, Bungoma DH | 62, Kisumu East DH | 63, Kakamega PGH | 64, Vihiga DH | 65, Bondo DH | 66, Busia DH | 67, Yala DH | 68, Kitale DH | 69, JOOTRH | 70, Mbale DC",,,,,,,,, , ,y,,,,
depid,,biodata,,,,text,,Data Entry Person ID,,,,Eg. 02,,,,,,,, , ,,,,,
date_today,,biodata,,,,text,,Today's Date,,,,,,date_dmy,,,,,, , ,,,,,
ipno,,biodata,,,,text,,Patients IPNO,,,,input -1 for empty,,,,,,,, , ,,,,,
age_years,,biodata,,,,text,,Age (years),,,,input -1 for empty,,number,,,,,, , ,y,,,,
age_mths,,biodata,,,,text,,Age (months),,,,input -1 for empty,,number,,,,,, , ,y,,,,
age_less1mnth,,biodata,,,,yesno,,Age less than 1 month,,,,,,,,,,,, , ,y,,,,
age_days,,biodata,,,,text,,Age (Days),,,,input -1 for empty,,number,,,,,,[age_less1mnth]='1', ,,,,,
date_adm , res_loc,biodata,,,,text,,Admission Date , Residence - Location,,,(For Empty Date type 01/01/1912) , Input -1 for empty,date_dmy , nan,,,,, , ,,,,,
ref_hosp , res_dst,biodata,,,,radio , text,Referred to hospital? , Residence - District,"1,Yes |0, No|  -1, Empty ", nan,nan , Input -1 for empty,,,,,,, , ,y , nan,RH , nan,
ref_hosp_spec , date_adm,biodata,,,,text,,Referred from which facility? , Admission Date,,,nan , (For Empty Date type 01/01/1913),nan , date_dmy,,,,,[ref_hosp] = '1' , nan,y , nan,RH , nan, nan
readm_hosp , ref_hosp,biodata,,,,radio,,Re-admission to this hospital? , Referred to hospital?,"1,Yes |0, No|  -1, Empty",,,,,,,,,, , ,nan , y,nan , RH,
weight , ref_hosp_spec,biodata,,,,text,,Weight (kgs) , Referred from which facility?,,,kgs ( enter -1 if not recorded) , nan,number , nan,3.0 , nan,30.0 , nan,nan , [ref_hosp] = '1',y,,nan , RH, [ref_hosp] = '1'
height , readm_hosp,biodata,,,,text , radio,Height / Length (cm) , Re-admission to this hospital?,nan ," 1,Yes |0, No|  -1, Empty",cm; ( enter -1 if not recorded) , nan,number , nan,20.0 , nan,120.0 , nan, , ,y , nan,,,
whz , weight,biodata,,,,dropdown , text,Weight-Height Z score , Weight (kgs),"1, 3SD | 2, 2SD | 3, 1SD | 4, 0SD | 5, -1SD | 6, -2SD | 7, -3SD | 8, <=-4 |9, Empty ", nan,nan , kgs ( enter -1 if not recorded),nan , number,nan , 3.0,nan , 30.0, , ,nan , y,,,
muac , height,biodata,,,,text,,MUAC (Mid-upper arm circumference) in cm , Height / Length (cm),,,(enter -1 if not recorded) , cm; ( enter -1 if not recorded),number,,nan , 20.0,nan , 120.0, , ,y , nan,,,
child_sex , whz,biodata,,,,radio , dropdown,Gender , Weight-Height Z score,"0, Female | 1, Male | -1, Empty "," 1, 3SD | 2, 2SD | 3, 1SD | 4, 0SD | 5, -1SD | 6, -2SD | 7, -3SD | 8, <=-4SD | 9, Empty",,,,,,,,, , ,,,RH , nan,
vacc_source , muac,biodata,,,,radio , text,Vaccination data source , MUAC (Mid-upper arm circumference) in cm,"1, PAR | 2, Free text ", nan,nan , (enter -1 if not recorded),nan , number,,,,, , ,nan , y,,,
vacc_status_text , child_sex,biodata,,,,dropdown , radio,Vaccination status from text , Gender,"1, Vaccination upto date for age(or as per KEPI schedule) | 2, Not upto date for age (or as per KEPI schedule) |3, Not reported "," 0, Female | 1, Male | -1, Empty",,,,,,,,,[vacc_source]='2' , nan,,,nan , RH,
vacc_opv_penta , vacc_source,biodata,,,,radio,,Number of doses of  OPV/Penta , Vaccination data source,"0, 0| 1,1|2,2| 3,3|-1, Empty "," 1, PAR | 2, Free text | -1, Empty",,,,,,,,,[vacc_source]='1' , nan,,,RH , nan,
pcv10 , vacc_status_text,biodata,,,,radio , dropdown,Number of doses of PCV 10 (Pneumococcal vaccine) , Vaccination status from text,"0, 0| 1,1|2,2| 3,3|-1, Empty "," 1, Vaccination upto date for age(or as per KEPI schedule) | 2, Not upto date for age (or as per KEPI schedule) |3, Not reported",,,,,,,,,[vacc_source]='1' , [vacc_source]='2',,,RH , nan, [vacc_source]='2'
rotavirus , vacc_opv_penta,biodata,,,,radio,,Number of doses of Rota virus given , Number of doses of  OPV/Penta,"0, 0| 1,1|2,2| 3,3|-1, Empty",,,,,,,,,,[vacc_source]='1', ,,,RH,,
bcg , pcv10,biodata,,,,radio,,BCG given , Number of doses of PCV 10 (Pneumococcal vaccine),"1,Yes |0, No|  -1, Empty "," 0, 0| 1,1|2,2| 3,3|-1, Empty",,,,,,,,,[vacc_source]='1', ,,,RH,,
measles , rotavirus,biodata,,,,radio,,Measles given , Number of doses of Rota virus given,"1,Yes |0, No|  -1, Empty "," 0, 0| 1,1|2,2| 3,3|-1, Empty",,,,,,,,,[vacc_source]='1' , [vacc_source] = '1' and [hosp_id] = '53' and [hosp_id] = '55',,,RH,, [vacc_source] = '1' and [hosp_id] = '53' and [hosp_id] = '55'
par , bcg,biodata,,,,yesno , radio,PAR used , BCG given,nan ," 1,Yes |0, No|  -1, Empty",,,,,,,,,nan , [vacc_source]='1',,,RH,, [vacc_source]='1'
lo_illness_ , measles,history , biodata,<h1><font color=blue>HISTORY</font></h1> , nan,text , radio,Length of illness (days) , Measles given,nan ," 1,Yes |0, No|  -1, Empty",indicate the duration for longest presenting complaint , nan,number , nan,,,21.0 , nan,nan , [vacc_source]='1',y , nan,nan , RH,
fever , par,history , biodata,,,radio , yesno,Fever , PAR used,"1,Yes |0, No|  -1, Empty ", nan,,,,,,,,, , ,y , nan,RH,,
fever_dur , lo_illness_,history,,nan , <h1><font color=blue>HISTORY</font></h1>,text,,Fever duration , Length of illness (days),,,indicate in days , indicate the duration for longest presenting complaint,number,,,,nan , 21.0,[fever]='1' , nan,nan , y,,,
cough , fever,history,,,,radio,,Cough , Fever,"1,Yes |0, No|  -1, Empty",,,,,,,,,, , ,y,,RH,,
cough_dur , fever_dur,history,,,,text,,Cough duration , Fever duration,,,indicate in days,,number,,,,,,[cough] = '1' , [fever]='1',,,,, [fever]='1'
cough_2wks , cough,history,,,,radio,,Cough >2 weeks , Cough,"1,Yes |0, No|  -1, Empty",,,,,,,,,,[cough] = '1' , nan,nan , y,RH,,
diff_breath , cough_dur,history,,,,radio , text,Difficulty breathing , Cough duration,"1,Yes |0, No|  -1, Empty ", nan,nan , indicate in days,nan , number,,,,,nan , [cough] = '1',y , nan,RH , nan, [cough] = '1'
diarrhoea , cough_2wks,history,,,,radio,,Diarrhoea , Cough >2 weeks,"1,Yes |0, No|  -1, Empty",,,,,,,,,,nan , [cough] = '1',y , nan,RH,,
diarrhoea_dur , diff_breath,history,,,,text , radio,Diarrhoea duration , Difficulty breathing,nan ," 1,Yes |0, No|  -1, Empty",indicate in days , nan,number , nan,,,,,[diarrhoea] = '1' , nan,nan , y,nan , RH,
diarrhoea_14d , diarrhoea,history,,,,radio,,Diarrhoea > 14d , Diarrhoea,"1,Yes |0, No|  -1, Empty",,,,,,,,,,[diarrhoea] = '1' , nan,nan , y,RH,,
diarrhoea_bloody , diarrhoea_dur,history,,,,radio , text,Diarrhoea bloody , Diarrhoea duration,"1,Yes |0, No|  -1, Empty ", nan,nan , indicate in days,nan , number,,,,,[diarrhoea] = '1', ,,,RH , nan,
convulsions , diarrhoea_14d,history,,,,radio,,Convulsions , Diarrhoea > 14d,"1, Yes | 0, No | -1, Empty "," 1,Yes |0, No|  -1, Empty",,,,,,,,,nan , [diarrhoea] = '1',y , nan,RH,, [diarrhoea] = '1'
convulsions_no , diarrhoea_bloody,history,,,,text , radio,Number of fits , Diarrhoea bloody,nan ," 1,Yes |0, No|  -1, Empty",indicate number of fits in 24 hrs , nan,number , nan,,,,,[convulsions] = '1' , [diarrhoea] = '1',y , nan,nan , RH,
fits , convulsions,history,,,,radio,,Partial / focal fits , Convulsions,"1,Yes |0, No|  -1, Empty "," 1, Yes | 0, No | -1, Empty",,,,,,,,,[convulsions] = '1' , nan,y,,RH,,
vomits , convulsions_no,history,,,,radio , text,Vomiting  , Number of fits,"1,Yes |0, No|  -1, Empty ", nan,nan , indicate number of fits in 24 hrs,nan , number,,,,,nan , [convulsions] = '1',y,,RH , nan, [convulsions] = '1'
vomit_freq , fits,history,,,,text , radio,Vomiting frequency , Partial / focal fits,nan ," 1,Yes |0, No|  -1, Empty",number of episodes in 24 hours , nan,,,,,,,[vomits] = '1' , [convulsions] = '1',y,,RH,,
vomit_everything , vomits,history,,,,radio,,Vomiting everything , Vomiting ,"1, Yes | 0, No | -1, Empty "," 1,Yes |0, No|  -1, Empty",,,,,,,,,[vomits] = '1' , nan,y,,RH,,
diff_feed , vomit_freq,history,,,,radio , text,Difficulty feeding , Vomiting frequency,"1,Yes |0, No|  -1, Empty ", nan,nan , number of episodes in 24 hours,,,,,,,nan , [vomits] = '1',y,,RH,, [vomits] = '1'
tb_contact , vomit_everything,history,,,,radio,,History of TB contact , Vomiting everything,"1, Yes | 0, No | -1, Empty",,,,,,,,,,nan , [vomits] = '1',y,,RH,,
temp , diff_feed,examination , history,"<i><font color=""green"">Vital signs - Use data from medical notes only</font></i> ", nan,text , radio,Temperature (degrees celsius) , Difficulty feeding,nan ," 1,Yes |0, No|  -1, Empty",input -1 for empty , nan,number , nan,,,,, , ,y,,nan , RH,
resp_rate , tb_contact,examination , history,,,text , radio,Respiratory rate- RR (per minute) , History of TB contact,nan ," 1, Yes | 0, No | -1, Empty",input -1 for empty , nan,number , nan,10.0 , nan,100.0 , nan, , ,y,,nan , RH,
pulse_rate , temp,examination,,nan ," <i><font color=""green"">Vital signs - Use data from medical notes only</font></i>",text,,Enter pulse value/Heart rate(HR)  , Temperature (degrees celsius),,,input -1 for empty,,number,,20.0 , nan,160.0 , nan, , ,y,,,,
oxygen_sat_done , resp_rate,examination,,,,yesno , text,Oxygen saturation measured , Respiratory rate- RR (per minute),,,nan , input -1 for empty,nan , number,nan , 10.0,nan , 100.0, , ,nan , y,RH , nan,
oxygen_sat , pulse_rate,examination,,,,text,,Oxygen saturation , Enter pulse value/Heart rate(HR) ,,,input -1 for empty,,number,,nan , 20.0,100.0 , 160.0,[oxygen_sat_done]='1' , nan,nan , y,,,
bp_done , oxygen_sat_done,examination,,,,yesno,,Bp measured , Oxygen saturation measured,,,,,,,,,,, , ,,,RH,,
bp_syst , oxygen_sat,examination,,,,text,,Systolic blood pressure (mmHg) , Oxygen saturation,,,input -1 for empty,,number,,,,nan , 100.0,[bp_done]='1' , [oxygen_sat_done]='1',y , nan,,, [oxygen_sat_done]='1'
bp_diast , bp_done,examination,,,,text , yesno,Diastolic blood pressure (mmHg) , Bp measured,,,input -1 for empty , nan,number , nan,,,,,[bp_done]='1' , nan,y , nan,nan , RH,
thrush , bp_syst,examination,,"<i><font color=""green"">General/ Nutrition</font></i> ", nan,radio , text,Thrush , Systolic blood pressure (mmHg),"1,Yes |0, No|  -1, Empty ", nan,nan , input -1 for empty,nan , number,,,,,nan , [bp_done]='1',y,,RH , nan, [bp_done]='1'
lymph_nd , bp_diast,examination,,,,radio , text,Lymph nodes > 1cm , Diastolic blood pressure (mmHg),"1,Yes |0, No|  -1, Empty ", nan,nan , input -1 for empty,nan , number,,,,,nan , [bp_done]='1',y,,RH , nan,
wrist_sign , thrush,examination,,nan ," <i><font color=""green"">General/ Nutrition</font></i>",radio,,Wrist / rib signs for rickets , Thrush,"1,Yes |0, No|  -1, Empty",,,,,,,,,, , ,y,,RH,,
jaundice , lymph_nd,examination,,,,dropdown , radio,Jaundice , Lymph nodes > 1cm,"1, none | 2, + (mild/moderate) | 3, + + + (severe) | -1, Empty "," 1,Yes |0, No|  -1, Empty",,,,,,,,, , ,y,,RH,,
sev_wasting , wrist_sign,examination,,,,radio,,Visible severe wasting , Wrist / rib signs for rickets,"1,Yes |0, No|  -1, Empty",,,,,,,,,, , ,y,,RH,,
oedema , jaundice,examination,,,,dropdown,,Oedema of Kwashiorkor , Jaundice,"1, None | 2, Foot | 3, Knee | 4, Face | -1, Empty "," 1, none | 2, + (mild/moderate) | 3, + + + (severe) | -1, Empty",,,,,,,,, , ,y,,nan , RH,
umbil , sev_wasting,examination,,,,dropdown , radio,Umbilicus , Visible severe wasting,"0, Normal | 1, Flare/red skin | 2, Pus/septic | 3, Bleeding | 4, Other abnormality | -1, Empty "," 1,Yes |0, No|  -1, Empty",if newborn(age < 7 days) , nan,,,,,,,[age_less1mnth]='1' , nan,nan , y,nan , RH,
stridor , oedema,examination,,"<i><font color=""green"">Breathing</font></i> ", nan,radio , dropdown,Stridor , Oedema of Kwashiorkor,"1,Yes |0, No|  -1, Empty "," 1, None | 2, Foot | 3, Knee | 4, Face | -1, Empty",,,,,,,,, , ,y,,RH , nan,
c_cyanosis , umbil,examination,,,,radio , dropdown,Central cyanosis , Umbilicus,"1,Yes |0, No|  -1, Empty "," 0, Normal | 1, Flare/red skin | 2, Pus/septic | 3, Bleeding | 4, Other abnormality | -1, Empty",nan , if newborn(age < 7 days),,,,,,,nan , [age_less1mnth]='1',y , nan,RH , nan, [age_less1mnth]='1'
indrawing , stridor,examination,,nan ," <i><font color=""green"">Breathing</font></i>",radio,,Indrawing , Stridor,"1,Yes |0, No|  -1, Empty",,,,,,,,,, , ,y,,RH,,
grunting , c_cyanosis,examination,,,,radio,,Grunting , Central cyanosis,"1,Yes |0, No|  -1, Empty",,,,,,,,,, , ,y,,RH,,
acidotic__breathing , indrawing,examination,,,,radio,,Acidotic breathing , Indrawing,"1,Yes |0, No|  -1, Empty",,,,,,,,,, , ,y,,RH,,
wheeze , grunting,examination,,,,radio,,Wheeze , Grunting,"1,Yes |0, No|  -1, Empty",,indicate no if chest reported as clear , nan,,,,,,, , ,y,,RH,,
crackles , acidotic__breathing,examination,,,,radio,,Crackles / crepitations , Acidotic breathing,"1,Yes |0, No|  -1, Empty",,indicate no if chest reported as clear , nan,,,,,,, , ,y,,RH,,
pulse , wheeze,examination,,"<i><font color=""green"">Circulation</font></i> ", nan,dropdown , radio,Pulse strength , Wheeze,"1, weak | 2, Normal | -1, Empty "," 1,Yes |0, No|  -1, Empty",nan , indicate no if chest reported as clear,,,,,,, , ,y,,RH,,
cap_refill , crackles,examination,,,,text , radio,Cap refill , Crackles / crepitations,nan ," 1,Yes |0, No|  -1, Empty",enter X if recorded as indeterminate and -1 if Empty , indicate no if chest reported as clear,,,,,,, , ,y,,nan , RH,
skin_temp , pulse,examination,,nan ," <i><font color=""green"">Circulation</font></i>",dropdown,,Extremities warm up to , Pulse strength,"2, hand | 3, Shoulder | 4, elbow | -1, Empty "," 1, weak | 2, Normal | -1, Empty",,,,,,,,, , ,y,,nan , RH,
pallor , cap_refill,examination,,,,dropdown , text,Pallor / Anaemia , Cap refill,"1, none | 2, + (mild/moderate) | 3, + + + (severe) | -1, Empty ", nan,nan , enter X if recorded as indeterminate and -1 if Empty,,,,,,, , ,y,,,,
sunk_eyes , skin_temp,examination,,"<i><font color=""green"">Dehydration</font></i> ", nan,radio , dropdown,Sunken eyes , Extremities warm up to,"1,Yes |0, No|  -1, Empty "," 2, hand | 3, Shoulder | 4, elbow | -1, Empty",,,,,,,,, , ,y,,RH , nan,
skin_pinch , pallor,examination,,,,dropdown,,Skin pinch (sec) , Pallor / Anaemia,"1, Immediate | 2, 1 -2 secs | 3, more than or equal to 2secs | -1, Empty "," 1, none | 2, + (mild/moderate) | 3, + + + (severe) | -1, Empty",,,,,,,,, , ,y,,RH , nan,
avpu , sunk_eyes,examination,,"<i><font color=""green"">Disability</font></i> "," <i><font color=""green"">Dehydration</font></i>",dropdown , radio,Disability (AVPU) , Sunken eyes,"1, Alert | 2, Verbal response | 3, Pain response | 4, Unresponsive | 5, Other scale | -1, Empty "," 1,Yes |0, No|  -1, Empty",,,,,,,,, , ,y,,RH,,
can_drink , skin_pinch,examination,,,,radio , dropdown,Can drink / breastfeed? , Skin pinch (sec),"1,Yes |0, No|  -1, Empty "," 1, Immediate | 2, 1 -2 secs | 3, more than or equal to 2secs | -1, Empty",,,,,,,,, , ,y,,RH,,
stiff_neck , avpu,examination,,nan ," <i><font color=""green"">Disability</font></i>",radio , dropdown,Stiff neck , Disability (AVPU),"1,Yes |0, No/soft |  -1, Empty "," 1, Alert | 2, Verbal response | 3, Pain response | 4, Unresponsive | 5, Other scale | -1, Empty",,,,,,,,, , ,y,,RH,,
bulging_font , can_drink,examination,,,,radio,,Bulging fontanelle , Can drink / breastfeed?,"1,Yes |0, No/flat |  -1, Empty "," 1,Yes |0, No|  -1, Empty",,,,,,,,, , ,y,,RH,,
irrit , stiff_neck,examination,,,,radio,,Irritable , Stiff neck,"1, Yes | 0, No | -1, Empty "," 1,Yes |0, No/soft |  -1, Empty",if young infant (age < 2 months) , nan,,,,,,,[age_mths] <'2' and ([age_years]='0' or [age_years]='-1') , nan,y,,RH,,
red_mov , bulging_font,examination,,,,radio,,Reduced movement / tone , Bulging fontanelle,"1, Yes | 0, No | -1, Empty "," 1,Yes |0, No/flat |  -1, Empty",if young infant (age < 2 months) , nan,,,,,,,[age_mths] <'2' and ([age_years]='0' or [age_years]='-1') , nan,y,,RH,,
mal1_order , irrit,investigations , examination,<h1><font color=blue>INVESTIGATIONS</font></h1> , nan,yesno , radio,Malaria test  ordered at admission , Irritable,nan ," 1, Yes | 0, No | -1, Empty",nan , if young infant (age < 2 months),,,,,,,nan , [age_mths] <'2' and ([age_years]='0' or [age_years]='-1'),y,,RH,, [age_mths] <'2' and ([age_years]='0' or [age_years]='-1')
mal1_result_avail , red_mov,investigations , examination,,,yesno , radio,Malaria admission test results available in file , Reduced movement / tone,nan ," 1, Yes | 0, No | -1, Empty",nan , if young infant (age < 2 months),,,,,,,[mal1_order] = '1' , [age_mths] <'2' and ([age_years]='0' or [age_years]='-1'),nan , y,RH,,
mal1_result , mal1_order,investigations,,nan , <h1><font color=blue>INVESTIGATIONS</font></h1>,radio , yesno,Malaria admission  test results (from file or lab) , Malaria test  ordered at admission,"1, Positive | 2, Negative | -1, Empty ", nan,,,,,,,,,[mal1_order] = '1' , nan,nan , y,RH,,
other_mal_test1 , mal1_result_avail,investigations,,,,yesno,,Other post-admission  malaria test 1 , Malaria admission test results available in file,,,,,,,,,,,nan , [mal1_order] = '1',,,RH,, [mal1_order] = '1'
other_mal_result1 , mal1_result,investigations,,,,radio,,Other post-admission malaria test results1 , Malaria admission  test results (from file or lab),"1, Positive | 2, Negative | -1, Empty",,,,,,,,,,[other_mal_test1] = '1' , [mal1_order] = '1',,,RH,,
other_mal_date1 , other_mal_test1,investigations,,,,text , yesno,Date other post-admission malaria test 1 done , Other post-admission  malaria test 1,,,if not available indicate 01/01/1912 , nan,date_dmy , nan,,,,,[other_mal_test1] = '1' , nan,,,RH,,
other_mal_test2 , other_mal_result1,investigations,,,,yesno , radio,Other post-admission malaria test 2 , Other post-admission malaria test results1,nan ," 1, Positive | 2, Negative | -1, Empty",,,,,,,,,nan , [other_mal_test1] = '1',,,RH,, [other_mal_test1] = '1'
other_mal_result2 , other_mal_date1,investigations,,,,radio , text,Other post-admission malaria test results2 , Date other post-admission malaria test 1 done,"1, Positive | 2, Negative | -1, Empty ", nan,nan , if not available indicate 01/01/1913,nan , date_dmy,,,,,[other_mal_test2] = '1' , [other_mal_test1] = '1',,,RH,,
other_mal_date2 , other_mal_test2,investigations,,,,text , yesno,Date post-admission other malaria test 2 done , Other post-admission malaria test 2,,,if not available indicate 01/01/1912 , nan,date_dmy , nan,,,,,[other_mal_test2] = '1' , nan,,,RH,,
hb1_order , other_mal_result2,investigations,,,,yesno , radio,Hb test ordered at admission , Other post-admission malaria test results2,nan ," 1, Positive | 2, Negative | -1, Empty",,,,,,,,,nan , [other_mal_test2] = '1',y , nan,RH,, [other_mal_test2] = '1'
hb1_test , other_mal_date2,investigations,,,,radio , text,Test used to request Hb , Date post-admission other malaria test 2 done,"1, Hb |2,HCT |3, Full haemogram ", nan,nan , if not available indicate 01/01/1913,nan , date_dmy,,,,,[hb1_order] = '1' , [other_mal_test2] = '1',,,RH,,
hb1_result_avail , hb1_order,investigations,,,,yesno,,Hb results available in file , Hb test ordered at admission,,,,,,,,,,,[hb1_order] = '1' , nan,nan , y,RH,,
hb1_result , hb1_test,investigations,,,,text , radio,Hb results , Test used to request Hb,nan ," 1, Hb |2,HCT |3, Full haemogram",(enter -1 if not recorded) , nan,number , nan,,,,,[hb1_order] = '1', ,,,RH,,
hb_units , hb1_result_avail,investigations,,,,radio , yesno,Units for Hb results , Hb results available in file,"1, g/dl | 2, mg/l |3, % of Hct ", nan,,,,,,,,,[hb1_order] = '1', ,,,RH,,
gluc1_order , hb1_result,investigations,,,,yesno , text,Glucose (RBS) ordered at admission , Hb results,,,nan , (enter -1 if not recorded),nan , number,,,,,nan , [hb1_order] = '1',,,RH,, [hb1_order] = '1'
gluc1_test , hb_units,investigations,,,,radio,,Type of glucose test requested , Units for Hb results,"1, Stick (strip) test |2, Laboratory |3, Don't know "," 1, g/dl | 2, mg/l |3, % of Hct",,,,,,,,,[gluc1_order] = '1' , [hb1_order] = '1',,,RH,,
gluc1_results , gluc1_order,investigations,,,,text , yesno,Results (mmol/l) , Glucose (RBS) ordered at admission,,,,,,,,,,,[gluc1_order] = '1' , nan,,,RH,,
chemistry , gluc1_test,investigations,,,,yesno , radio,Chemistry investigations , Type of glucose test requested,nan ," 1, Stick (strip) test |2, Laboratory |3, Don't know",,,,,,,,,nan , [gluc1_order] = '1',,,RH,, [gluc1_order] = '1'
chem_test , gluc1_results,investigations,,,,checkbox , text,Chemistry test requested , Results (mmol/l),"1, Na_K |2, U&C | 3, Calcium (Ca) | 4, Albumin |5, LFT (ALT/AST) |6, U/E/C ", nan,,,,,,,,,[chemistry] = '1' , [gluc1_order] = '1',,,RH,,
hiv1_order , chemistry,investigations,,,,yesno,,HIV test ordered at admission , Chemistry investigations,,,,,,,,,,, , ,y , nan,RH,,
hiv1_test , chem_test,investigations,,,,radio , checkbox,HIV test type , Chemistry test requested,"1, Rapid test | 2, PCR |-1, Empty "," 1, Na_K |2, U&C | 3, Calcium (Ca) | 4, Albumin |5, LFT (ALT/AST) |6, U/E/C",,,,,,,,,[hiv1_order] = '1' , [chemistry] = '1',,,RH,, [chemistry] = '1'
hiv1_result , hiv1_order,investigations,,,,dropdown , yesno,Results , HIV test ordered at admission,"1, Positive | 2, Negative |3, indeterminate | 4, Refused|5, Exposed | -1, Empty ", nan,,,,,,,,,[hiv1_order] = '1' , nan,nan , y,RH,,
hiv_inpt_order , hiv1_test,investigations,,,,yesno , radio,Other HIV test orderd during inpatient stay , HIV test type,nan ," 1, Rapid test | 2, PCR |-1, Empty",,,,,,,,,[hiv1_order] ='0' , [hiv1_order] = '1',y , nan,RH,, [hiv1_order] = '1'
hiv_inpt_test , hiv1_result,investigations,,,,radio , dropdown,HIV test type , Results,"1, Rapid test | 2, PCR "," 1, Positive | 2, Negative |3, indeterminate | 4, Refused|5, Exposed | -1, Empty",,,,,,,,,[hiv_inpt_order] = '1' and [hiv1_order] ='0' , [hiv1_order] = '1',,,RH,,
hiv_inpt_result , hiv_inpt_order,investigations,,,,dropdown , yesno,Results , Other HIV test orderd during inpatient stay,"1, Positive | 2, Negative |3, indeterminate | 4, Refused|5, Exposed | -1, Empty ", nan,,,,,,,,,[hiv_inpt_order] = '1' and [hiv1_order] ='0' , [hiv1_order] ='0',nan , y,nan , RH, [hiv1_order] ='0'
micro_order , hiv_inpt_test,investigations,,,,yesno , radio,Microbiology test order , HIV test type,nan ," 1, Rapid test | 2, PCR",,,,,,,,,nan , [hiv_inpt_order] = '1' and [hiv1_order] ='0',,,RH,, [hiv_inpt_order] = '1' and [hiv1_order] ='0'
micro_tests , hiv_inpt_result,investigations,,,,checkbox , dropdown,Type of microbiology test ordered , Results,"1, lumbar puncture | 2, Blood culture "," 1, Positive | 2, Negative |3, indeterminate | 4, Refused|5, Exposed | -1, Empty",,,,,,,,,[micro_order] = '1' , [hiv_inpt_order] = '1' and [hiv1_order] ='0',,,RH , nan,
micro_tests_date , micro_order,investigations,,,,text , yesno,Date microbiology test done , Microbiology test order,,,if not available indicate 01/01/1912 , nan,date_dmy , nan,,,,,[micro_order] = '1' , nan,,,RH,,
lp1_bedside , micro_tests,investigations,,,,checkbox,,Bed side exam of CSF , Type of microbiology test ordered,"1, dry tap | 2, under pressure | 3, turbid | 4, bloody | 5, clear | 6, not done "," 1, lumbar puncture | 2, Blood culture",,,,,,,,,[micro_order] = '1' and [micro_tests(1)] = '1' , [micro_order] = '1',,,RH,, [micro_order] = '1'
lp1_result , micro_tests_date,investigations,,,,dropdown , text,Results (microscopy/culture) , Date microbiology test done,"1, Positive (white cells many/bacteria grown) | 2, Negative/No growth obtained | -1, Empty ", nan,nan , if not available indicate 01/01/1913,nan , date_dmy,,,,,[micro_order] = '1' and [micro_tests(1)] = '1' , [micro_order] = '1',,,RH,,
xray , lp1_bedside,investigations,,,,checkbox,,Any X-Ray ordered , Bed side exam of CSF,"1, chest |2, wrist|3,other |4, none "," 1, dry tap | 2, under pressure | 3, turbid | 4, bloody | 5, clear | 6, not done",,,,,,,,,nan , [micro_order] = '1' and [micro_tests(1)] = '1',y , nan,RH,, [micro_order] = '1' and [micro_tests(1)] = '1'
urine , lp1_result,investigations,,,,yesno , dropdown,Investigations for urine ordered , Results (microscopy/culture),nan ," 1, Positive (white cells many/bacteria grown) | 2, Negative/No growth obtained | -1, Empty",,,,,,,,,nan , [micro_order] = '1' and [micro_tests(1)] = '1',,,RH,,
urine_test , xray,investigations,,,,checkbox,,Type of urine test ordered , Any X-Ray ordered,"1, Urinalysis |2, Microbiology and Culture "," 1, chest |2, wrist|3,other |4, none",,,,,,,,,[urine]='1' , nan,nan , y,RH,,
urine_test_date , urine,investigations,,,,text , yesno,Date urine test was done , Investigations for urine ordered,,,if not available indicate 01/01/1912 , nan,date_dmy , nan,,,,,[urine]='1' , nan,,,RH,,
desctx2 , urine_test,admission_diagnosis , investigations,,,descriptive , checkbox,"<h1><font color=""green"">ADMISSION DIAGNOSIS</font></h1> ", Type of urine test ordered,nan ," 1, Urinalysis |2, Microbiology and Culture",,,,,,,,,nan , [urine]='1',,,nan , RH, [urine]='1'
dx1_primary , urine_test_date,admission_diagnosis , investigations,,,yesno , text,Clear primary admission diagnosis , Date urine test was done,,,nan , if not available indicate 01/01/1913,nan , date_dmy,,,,,nan , [urine]='1',,,RH,,
dx1_malaria , desctx2,admission_diagnosis,,<h1><font color=blue>Primary diagnosis (Enter ONLY the first diagnosis i.e ticked 1)</font></h1> , nan,dropdown , descriptive,Malaria ," <h1><font color=""green"">ADMISSION DIAGNOSIS</font></h1>","1,Severe | 2, Non severe |3, Non Classified ", nan,,,,,,,,, , ,,,,,
dx1_pneum , dx1_primary,admission_diagnosis,,,,dropdown , yesno,Pneumonia , Clear primary admission diagnosis,"1,Very Severe | 2, Severe |3, Non Severe |4,No classification ", nan,,,,,,,,, , ,,,nan , RH,
dx1_diarrhoea , dx1_malaria,admission_diagnosis,,nan , <h1><font color=blue>Primary diagnosis (Enter ONLY the first diagnosis i.e ticked 1)</font></h1>,dropdown,,Diarrhoea/ Acute GE (Gastro-Enteritis) , Malaria,"1,Non-bloody | 2, bloody | 3, No classification "," 1,Severe | 2, Non severe |3, Non Classified",,,,,,,,, , ,,,,,
dx1_dehydrat , dx1_pneum,admission_diagnosis,,,,dropdown,,Dehydration , Pneumonia,"1, Shock | 2, Severe | 3, Some | 4, No dehydration | 5, No Classification "," 1,Very Severe | 2, Severe |3, Non Severe |4,No classification",,,,,,,,, , ,,,,,
dx1_hiv , dx1_diarrhoea,admission_diagnosis,,,,dropdown,,HIV / AIDS , Diarrhoea/ Acute GE (Gastro-Enteritis),"1, previous diagnosis | 2, clinical suspicion "," 1,Non-bloody | 2, bloody | 3, No classification",,,,,,,,, , ,,,,,
dx1_malnutr , dx1_dehydrat,admission_diagnosis,,,,dropdown,,Malnutrition , Dehydration,"1,Kwashiorkor | 2, Marasmus | 3, Marasmus-Kwashiorkor | 5, mild | 6, moderate| 7, Severe | 8, No classification "," 1, Shock | 2, Severe | 3, Some | 4, No dehydration | 5, No Classification",,,,,,,,, , ,,,,,
dx1_anaemia , dx1_hiv,admission_diagnosis,,,,dropdown,,Anaemia , HIV / AIDS,"1, Severe|2, Non Severe | 3, No classification "," 1, previous diagnosis | 2, clinical suspicion",,,,,,,,, , ,,,,,
dx1_meningitis , dx1_malnutr,admission_diagnosis,,,,yesno , dropdown,Meningitis , Malnutrition,nan ," 1,Kwashiorkor | 2, Marasmus | 3, Marasmus-Kwashiorkor | 5, mild | 6, moderate| 7, Severe | 8, No classification",,,,,,,,, , ,,,RH , nan,
dx1_asthma , dx1_anaemia,admission_diagnosis,,,,dropdown,,Asthma , Anaemia,"1,Very Severe | 2, Severe |3, Non Severe (mild) |4,No classification "," 1, Severe|2, Non Severe | 3, No classification",,,,,,,,, , ,,,,,
dx1_rickets , dx1_meningitis,admission_diagnosis,,,,yesno,,Rickets , Meningitis,,,,,,,,,,, , ,,,RH,,
dx1_tb , dx1_asthma,admission_diagnosis,,,,yesno , dropdown,Suspected TB , Asthma,nan ," 1,Very Severe | 2, Severe |3, Non Severe (mild) |4,No classification",,,,,,,,, , ,,,RH , nan,
dx1_other_1 , dx1_rickets,admission_diagnosis,,,,dropdown , yesno,Other Diagnoses 1 , Rickets,"2, ACUTE ABDOMEN | 3, Adenoid Hypentropy | 4, Convulsive disorder | 5, Chicken Pox | 6, Epilepsy | 7, Febrile convulsion | 8, Herbal intoxication | 9, Measles | 11, Underweight | 12, URTI | 13, sickle cell disease | 14, Otitis Media | 15, PCP | 17, Broncho spasms | 18, Burns | 19, Broncho pneumonia | 20, Cerebral palsy | 21, Sickle cell disease | 22, Hypoglycemia | 23, Helminthiasis | 24, Tinea spp | 25, Amoebiasis | 26, leukemia | 27, UrinaryTract Infection | 28, Bronchiolitis | 29, Acute respiratory infection | 30, Tonsolitis | 32, Failure to Thrive | 33, Oral Thrush | 34, Oral candidiasis |35, Birth Aspyhxia | 36, Premature/low birth weight | 37, Newborn RDS | 38, Neonatal Sepsis |39,Neonatal Meningitis | 40, Congenital abnormality | 41, Meconium aspiration | 42, Twin delivery | 43, Jaundice | 44, Neonatal Dehydration | 45, Neonatal Shock ", nan,,,,,,,,, , ,,,nan , RH,
dx1_other_3_text , dx1_tb,admission_diagnosis,,,,text , yesno,Other Diagnoses 3 in text , Suspected TB,,,,,,,,,,, , ,,,nan , RH,
sec_dx , dx1_other_1,admission_diagnosis,,<h1><font color=blue>Secondary diagnosis(all other diagnoses ticked 2)</font></h1> , nan,yesno , dropdown,Is there a secondary diagnosis? , Other Diagnoses 1,nan ," 2, ACUTE ABDOMEN | 29, Acute respiratory infection | 3, Adenoid Hypentropy | 25, Amoebiasis | 35, Birth Aspyhxia | 28, Bronchiolitis | 19, Broncho pneumonia | 17, Broncho spasms | 18, Burns | 20, Cerebral palsy | 5, Chicken Pox | 4, Convulsive disorder | 40, Congenital abnormality | 6, Epilepsy | 32, Failure to Thrive | 7, Febrile convulsion | 23, Helminthiasis | 8, Herbal intoxication | 22, Hypoglycemia | 26, leukemia | 9, Measles | 41, Meconium aspiration | 37, Newborn RDS | 38, Neonatal Sepsis | 43, Neonatal Jaundice | 44, Neonatal Dehydration | 39, Neonatal Meningitis | 45, Neonatal Shock | 14, Otitis Media | 34, Oral candidiasis | 33, Oral Thrush | 15, PCP | 36, Premature/low birth weight | 13, sickle cell disease | 24, Tinea spp | 30, Tonsolitis | 42, Twin delivery | 11, Underweight | 27, UrinaryTract Infection | 12, URTI | 21, Sickle cell disease",,,,,,,,, , ,,,RH , nan,
dx2_malaria , dx1_other_3_text,admission_diagnosis,,,,dropdown , text,Malaria , Other Diagnoses 3 in text,"1,Severe | 2, Non severe |3, Non Classified ", nan,,,,,,,,,[sec_dx] = '1' , nan,,,RH , nan,
dx2_pneum , sec_dx,admission_diagnosis,,nan , <h1><font color=blue>Secondary diagnosis(all other diagnoses ticked 2)</font></h1>,dropdown , yesno,Pneumonia , Is there a secondary diagnosis?,"1,Very Severe | 2, Severe |3, Non Severe |4,No classification ", nan,,,,,,,,,[sec_dx] = '1' , nan,,,nan , RH,
dx2_diarrhoea , dx2_malaria,admission_diagnosis,,,,dropdown,,Diarrhoea/ Acute GE (Gastro-Enteritis) , Malaria,"1,Non-bloody | 2, bloody | 3, No classification "," 1,Severe | 2, Non severe |3, Non Classified",,,,,,,,,[sec_dx] = '1', ,,,nan , RH,
dx2_dehydrat , dx2_pneum,admission_diagnosis,,,,dropdown,,Dehydration , Pneumonia,"1, Shock | 2, Severe | 3, Some | 4, No dehydration | 5, No Classification "," 1,Very Severe | 2, Severe |3, Non Severe |4,No classification",,,,,,,,,[sec_dx] = '1', ,,,,,
dx2_hiv , dx2_diarrhoea,admission_diagnosis,,,,dropdown,,HIV / AIDS , Diarrhoea/ Acute GE (Gastro-Enteritis),"1, previous diagnosis | 2, clinical suspicion "," 1,Non-bloody | 2, bloody | 3, No classification",,,,,,,,,[sec_dx] = '1', ,,,,,
dx2_malnutr , dx2_dehydrat,admission_diagnosis,,,,dropdown,,Malnutrition , Dehydration,"1,Kwashiorkor | 2, Marasmus | 3, Marasmus-Kwashiorkor | 5, mild | 6, moderate| 7, Severe | 8, No classification "," 1, Shock | 2, Severe | 3, Some | 4, No dehydration | 5, No Classification",,,,,,,,,[sec_dx] = '1', ,,,,,
dx2_anaemia , dx2_hiv,admission_diagnosis,,,,dropdown,,Anaemia , HIV / AIDS,"1, Severe|2, Non Severe | 3, No classification "," 1, previous diagnosis | 2, clinical suspicion",,,,,,,,,[sec_dx] = '1', ,,,,,
dx2_meningitis , dx2_malnutr,admission_diagnosis,,,,yesno , dropdown,Meningitis , Malnutrition,nan ," 1,Kwashiorkor | 2, Marasmus | 3, Marasmus-Kwashiorkor | 5, mild | 6, moderate| 7, Severe | 8, No classification",,,,,,,,,[sec_dx] = '1', ,,,RH , nan,
dx2_asthma , dx2_anaemia,admission_diagnosis,,,,dropdown,,Asthma , Anaemia,"1,Very Severe | 2, Severe |3, Non Severe (mild) |4,No classification "," 1, Severe|2, Non Severe | 3, No classification",,,,,,,,,[sec_dx] = '1', ,,,,,
dx2_rickets , dx2_meningitis,admission_diagnosis,,,,yesno,,Rickets , Meningitis,,,,,,,,,,,[sec_dx] = '1', ,,,RH,,
dx2_tb , dx2_asthma,admission_diagnosis,,,,yesno , dropdown,Suspected TB , Asthma,nan ," 1,Very Severe | 2, Severe |3, Non Severe (mild) |4,No classification",,,,,,,,,[sec_dx] = '1', ,,,RH , nan,
dx2_other_1 , dx2_rickets,admission_diagnosis,,,,dropdown , yesno,Other primary Diagnoses 1 , Rickets,"2, ACUTE ABDOMEN | 3, Adenoid Hypentropy | 4, Convulsive disorder | 5, Chicken Pox | 6, Epilepsy | 7, Febrile convulsion | 8, Herbal intoxication | 9, Measles | 11, Underweight | 12, URTI | 13, sickle cell disease | 14, Otitis Media | 15, PCP | 17, Broncho spasms | 18, Burns | 19, Broncho pneumonia | 20, Cerebral palsy | 21, Sickle cell disease | 22, Hypoglycemia | 23, Helminthiasis | 24, Tinea spp | 25, Amoebiasis | 26, leukemia | 27, UrinaryTract Infection | 28, Bronchiolitis | 29, Acute respiratory infection | 30, Tonsolitis | 32, Failure to Thrive | 33, Oral Thrush | 34, Oral candidiasis |35, Birth Aspyhxia | 36, Premature/low birth weight | 37, Newborn RDS | 38, Neonatal Sepsis |39,Neonatal Meningitis | 40, Congenital abnormality | 41, Meconium aspiration | 42, Twin delivery | 43, Jaundice | 44, Neonatal Dehydration | 45, Neonatal Shock ", nan,,,,,,,,,[sec_dx] = '1', ,,,nan , RH,
dx2_other_2 , dx2_tb,admission_diagnosis,,,,dropdown , yesno,Other primary Diagnoses 2 , Suspected TB,"2, ACUTE ABDOMEN | 3, Adenoid Hypentropy | 4, Convulsive disorder | 5, Chicken Pox | 6, Epilepsy | 7, Febrile convulsion | 8, Herbal intoxication | 9, Measles | 11, Underweight | 12, URTI | 13, sickle cell disease | 14, Otitis Media | 15, PCP | 17, Broncho spasms | 18, Burns | 19, Broncho pneumonia | 20, Cerebral palsy | 21, Sickle cell disease | 22, Hypoglycemia | 23, Helminthiasis | 24, Tinea spp | 25, Amoebiasis | 26, leukemia | 27, UrinaryTract Infection | 28, Bronchiolitis | 29, Acute respiratory infection | 30, Tonsolitis | 32, Failure to Thrive | 33, Oral Thrush | 34, Oral candidiasis |35, Birth Aspyhxia | 36, Premature/low birth weight | 37, Newborn RDS | 38, Neonatal Sepsis |39,Neonatal Meningitis | 40, Congenital abnormality | 41, Meconium aspiration | 42, Twin delivery | 43, Jaundice | 44, Neonatal Dehydration | 45, Neonatal Shock ", nan,,,,,,,,,[sec_dx] = '1', ,,,nan , RH,
dx2_other_3_text , dx2_other_1,admission_diagnosis,,,,text , dropdown,Other Diagnoses 3 not listed above , Other primary Diagnoses 1,nan ," 2, ACUTE ABDOMEN | 29, Acute respiratory infection | 3, Adenoid Hypentropy | 25, Amoebiasis | 35, Birth Aspyhxia | 28, Bronchiolitis | 18, Burns | 19, Broncho pneumonia | 17, Broncho spasms | 20, Cerebral palsy | 5, Chicken Pox | 4, Convulsive disorder | 40, Congenital abnormality | 6, Epilepsy | 32, Failure to Thrive | 7, Febrile convulsion | 23, Helminthiasis | 8, Herbal intoxication | 22, Hypoglycemia | 26, leukemia | 9, Measles | 41, Meconium aspiration | 37, Newborn RDS | 38, Neonatal Sepsis | 43, Neonatal Jaundice | 44, Neonatal Dehydration | 39, Neonatal Meningitis | 45, Neonatal Shock | 14, Otitis Media | 34, Oral candidiasis | 33, Oral Thrush | 15, PCP | 36, Premature/low birth weight | 13, sickle cell disease | 24, Tinea spp | 30, Tonsolitis | 42, Twin delivery | 11, Underweight | 27, UrinaryTract Infection | 12, URTI | 21, Sickle cell disease",,,,,,,,,[sec_dx] = '1', ,,,,,
desctx3 , dx2_other_2,treatment , admission_diagnosis,,,descriptive , dropdown,"<h1><font color=""green"">TREATMENT - get information for this section from the treatment sheet</font></h1> ", Other primary Diagnoses 2,nan ," 2, ACUTE ABDOMEN | 29, Acute respiratory infection | 3, Adenoid Hypentropy | 25, Amoebiasis | 35, Birth Aspyhxia | 28, Bronchiolitis | 19, Broncho pneumonia | 17, Broncho spasms | 18, Burns | 20, Cerebral palsy | 5, Chicken Pox | 4, Convulsive disorder | 40, Congenital abnormality | 6, Epilepsy | 32, Failure to Thrive | 7, Febrile convulsion | 23, Helminthiasis | 8, Herbal intoxication | 22, Hypoglycemia | 26, leukemia | 9, Measles | 41, Meconium aspiration | 37, Newborn RDS | 38, Neonatal Sepsis | 43, Neonatal Jaundice | 44, Neonatal Dehydration | 39, Neonatal Meningitis | 45, Neonatal Shock | 14, Otitis Media | 34, Oral candidiasis | 33, Oral Thrush | 15, PCP | 36, Premature/low birth weight | 13, sickle cell disease | 24, Tinea spp | 30, Tonsolitis | 42, Twin delivery | 11, Underweight | 27, UrinaryTract Infection | 12, URTI | 21, Sickle cell disease",,,,,,,,,nan , [sec_dx] = '1',,,,, [sec_dx] = '1'
pen_pres , dx2_other_3_text,treatment , admission_diagnosis,<h1><font color=greem>Antibiotics</font></h1> , nan,yesno , text,Xpen(Benzyl/Crystalline Penicillin) prescribed , Other Diagnoses 3 not listed above,,,,,,,,,,,nan , [sec_dx] = '1',y , nan,RH , nan,
pen1_route , desctx3,treatment,,,,radio , descriptive,<i>        route<i> ," <h1><font color=""green"">TREATMENT - get information for this section from the treatment sheet</font></h1>","1, iv | 2, im | -1, Empty ", nan,,,,,,,,,[pen_pres] = '1' , nan,,,RH , nan,
pen1_dose , pen_pres,treatment,,nan , <h1><font color=greem>Antibiotics</font></h1>,text , yesno,<i>        dose<i> , Xpen(Benzyl/Crystalline Penicillin) prescribed,,,amount prescribed  per dose , nan,number , nan,50000.0 , nan,2000000.0 , nan,[pen_pres] = '1' , nan,nan , y,nan , RH,
pen1_unit , pen1_route,treatment,,,,radio,,<i>        units<i> , <i>        route<i>,"1,I.U | 2, mg |3, M.U | -1, Empty "," 1, iv | 2, im | -1, Empty",,,,,,,,,[pen_pres] = '1', ,,,RH,,
pen1_freq , pen1_dose,treatment,,,,dropdown , text,<i>        frequency<i> , <i>        dose<i>,"1, OD/once a day/24hrly | 2, BD/twice a day/12hrly | 3, TID/TDS/three times a day/8hrly |4, QID/4 times a day/6hrly|5, STAT |-1, Empty ", nan,No. of doses in 24hrs , amount prescribed  per dose,nan , number,1.0 , 50000.0,6.0 , 2000000.0,[pen_pres] = '1', ,,,,,
pen1_days , pen1_unit,treatment,,,,text , radio,<i>        duration (days)<i> , <i>        units<i>,nan ," 1,I.U | 2, mg |3, M.U | -1, Empty",enter the duration the drug was administered in days , nan,number , nan,,,,,[pen_pres] = '1', ,,,nan , RH,
pen1_date , pen1_freq,treatment,,,,text , dropdown,<i>        Date Xpen was prescribed<i> , <i>        frequency<i>,nan ," 1, OD/once a day/24hrly | 2, BD/twice a day/12hrly | 3, TID/TDS/three times a day/8hrly |4, QID/4 times a day/6hrly|5, STAT |-1, Empty",if not available indicate 01/01/1912 , No. of doses in 24hrs,date_dmy , nan,nan , 1.0,nan , 6.0,[pen_pres] = '1', ,,,,,
gent1_pres , pen1_days,treatment,,,,yesno , text,Gentamicin prescribed , <i>        duration (days)<i>,,,nan , enter the duration the drug was administered in days,nan , number,,,,,nan , [pen_pres] = '1',y , nan,RH , nan, [pen_pres] = '1'
gent1_route , pen1_date,treatment,,,,radio , text,<i>        route<i> , <i>Date Xpen was prescribed<i>,"1, iv | 2, im | -1, Empty ", nan,nan , if not available indicate 01/01/1913,nan , date_dmy,,,,,[gent1_pres] = '1' , [pen_pres] = '1',,,RH , nan,
gent1_dose , gent1_pres,treatment,,,,text , yesno,<i>        dose<i> , Gentamicin prescribed,,,Dose in mg per dose , nan,number , nan,10.0 , nan,300.0 , nan,[gent1_pres] = '1' , nan,nan , y,nan , RH,
gent1_unit , gent1_route,treatment,,,,radio,,<i>        units<i> , <i>        route<i>,"2, mg | -1, Empty "," 1, iv | 2, im | -1, Empty",,,,,,,,,[gent1_pres] = '1', ,,,RH,,
gent1_freq , gent1_dose,treatment,,,,dropdown , text,<i>        frequency<i> , <i>        dose<i>,"1, OD/once a day/24hrly | 2, BD/twice a day/12hrly | 3, TID/TDS/three times a day/8hrly |4, QID/4 times a day/6hrly|5, STAT |-1, Empty ", nan,No. of doses in 24hrs , Dose in mg per dose,nan , number,nan , 10.0,nan , 300.0,[gent1_pres] = '1', ,,,,,
gent1_days , gent1_unit,treatment,,,,text , radio,<i>        duration (days)<i> , <i>        units<i>,nan ," 2, mg | -1, Empty",enter the duration the drug was administered in days , nan,number , nan,,,,,[gent1_pres] = '1', ,,,nan , RH,
genta1_date , gent1_freq,treatment,,,,text , dropdown,<i>        Date gentamicin was prescribed <i> , <i>        frequency<i>,nan ," 1, OD/once a day/24hrly | 2, BD/twice a day/12hrly | 3, TID/TDS/three times a day/8hrly |4, QID/4 times a day/6hrly|5, STAT |-1, Empty",if not available indicate 01/01/1912 , No. of doses in 24hrs,date_dmy , nan,,,,,[gent1_pres] = '1', ,,,,,
amox1_pres , gent1_days,treatment,,,,yesno , text,Amoxicillin (Amoxyl) prescribed , <i>        duration (days)<i>,,,nan , enter the duration the drug was administered in days,nan , number,,,,,nan , [gent1_pres] = '1',y , nan,RH , nan, [gent1_pres] = '1'
amox1_dose , genta1_date,treatment,,,,text,,<i>        dose<i> , <i>Date gentamicin was prescribed <i>,,,nan , if not available indicate 01/01/1913,number , date_dmy,,,,,[amox1_pres] = '1' , [gent1_pres] = '1',,,,,
amox1_unit , amox1_pres,treatment,,,,radio , yesno,<i>        units<i> , Amoxicillin (Amoxyl) prescribed,"1, mg | 2, mls |3,tabs| -1, Empty ", nan,,,,,,,,,[amox1_pres] = '1' , nan,nan , y,RH,,
amox1_freq , amox1_dose,treatment,,,,dropdown , text,<i>        frequency<i> , <i>        dose<i>,"1, OD/once a day/24hrly | 2, BD/twice a day/12hrly | 3, TID/TDS/three times a day/8hrly |4, QID/4 times a day/6hrly|5, STAT |-1, Empty ", nan,No. of doses in 24hrs , nan,nan , number,,,,,[amox1_pres] = '1', ,,,,,
amox1_days , amox1_unit,treatment,,,,text , radio,<i>        duration (days)<i> , <i>        units<i>,nan ," 1, mg | 2, mls |3,tabs| -1, Empty",enter the duration the drug was administered in days , nan,number , nan,,,,,[amox1_pres] = '1', ,,,nan , RH,
amox1_date , amox1_freq,treatment,,,,text , dropdown,<i>        Date amoxicillin was prescribed<i> , <i>        frequency<i>,nan ," 1, OD/once a day/24hrly | 2, BD/twice a day/12hrly | 3, TID/TDS/three times a day/8hrly |4, QID/4 times a day/6hrly|5, STAT |-1, Empty",if not available indicate 01/01/1912 , No. of doses in 24hrs,date_dmy , nan,,,,,[amox1_pres] = '1', ,,,,,
ceftri1_pres , amox1_days,treatment,,,,yesno , text,Ceftriaxone prescribed , <i>        duration (days)<i>,,,nan , enter the duration the drug was administered in days,nan , number,,,,,nan , [amox1_pres] = '1',y , nan,RH , nan, [amox1_pres] = '1'
ceftri1_route , amox1_date,treatment,,,,radio , text,<i>        route<i> , <i>Date amoxicillin was prescribed<i>,"1, iv | 2, im| -1, Empty ", nan,nan , if not available indicate 01/01/1913,nan , date_dmy,,,,,[ceftri1_pres] = '1' , [amox1_pres] = '1',,,RH , nan,
ceftri1_dose , ceftri1_pres,treatment,,,,text , yesno,<i>        dose<i> , Ceftriaxone prescribed,,,,,number , nan,,,,,[ceftri1_pres] = '1' , nan,nan , y,nan , RH,
ceftri1_freq , ceftri1_route,treatment,,,,dropdown , radio,<i>        frequency<i> , <i>        route<i>,"1, OD/once a day/24hrly | 2, BD/twice a day/12hrly | 3, TID/TDS/three times a day/8hrly |4, QID/4 times a day/6hrly|5, STAT |-1, Empty "," 1, iv | 2, im| -1, Empty",No. of doses in 24hrs , nan,,,,,,,[ceftri1_pres] = '1', ,,,nan , RH,
ceftri1_days , ceftri1_dose,treatment,,,,text,,<i>        duration (days)<i> , <i>        dose<i>,,,enter the duration the drug was administered in days , nan,number,,,,,,[ceftri1_pres] = '1', ,,,,,
ceftri1_date , ceftri1_freq,treatment,,,,text , dropdown,<i>        Date ceftreaxone was prescribed<i> , <i>        frequency<i>,nan ," 1, OD/once a day/24hrly | 2, BD/twice a day/12hrly | 3, TID/TDS/three times a day/8hrly |4, QID/4 times a day/6hrly|5, STAT |-1, Empty",if not available indicate 01/01/1912 , No. of doses in 24hrs,date_dmy , nan,,,,,[ceftri1_pres] = '1', ,,,,,
caf1_pres , ceftri1_days,treatment,,,,yesno , text,chloramphenical(CAF) prescribed , <i>        duration (days)<i>,,,nan , enter the duration the drug was administered in days,nan , number,,,,,nan , [ceftri1_pres] = '1',y , nan,RH , nan, [ceftri1_pres] = '1'
caf1_route , ceftri1_date,treatment,,,,radio , text,<i>        route<i> , <i>Date ceftreaxone was prescribed<i>,"1, iv | 2, im | -1, Empty ", nan,nan , if not available indicate 01/01/1913,nan , date_dmy,,,,,[caf1_pres] = '1' , [ceftri1_pres] = '1',,,RH , nan,
caf1_dose , caf1_pres,treatment,,,,text , yesno,<i>        dose<i> , chloramphenical(CAF) prescribed,,,,,number , nan,,,,,[caf1_pres] = '1' , nan,nan , y,nan , RH,
caf1_freq , caf1_route,treatment,,,,dropdown , radio,<i>        frequency<i> , <i>        route<i>,"1, OD/once a day/24hrly | 2, BD/twice a day/12hrly | 3, TID/TDS/three times a day/8hrly |4, QID/4 times a day/6hrly|5, STAT |-1, Empty "," 1, iv | 2, im | -1, Empty",No. of doses in 24hrs , nan,,,,,,,[caf1_pres] = '1', ,,,nan , RH,
caf1_days , caf1_dose,treatment,,,,text,,<i>        duration (days)<i> , <i>        dose<i>,,,enter the duration the drug was administered in days , nan,number,,,,,,[caf1_pres] = '1', ,,,,,
caf1_date , caf1_freq,treatment,,,,text , dropdown,<i>        Date chloramphenical was prescribed<i> , <i>        frequency<i>,nan ," 1, OD/once a day/24hrly | 2, BD/twice a day/12hrly | 3, TID/TDS/three times a day/8hrly |4, QID/4 times a day/6hrly|5, STAT |-1, Empty",if not available indicate 01/01/1912 , No. of doses in 24hrs,date_dmy , nan,,,,,[caf1_pres] = '1', ,,,,,
metr1_pres , caf1_days,treatment,,,,yesno , text,Metronidazole(flagyl) prescribed , <i>        duration (days)<i>,,,nan , enter the duration the drug was administered in days,nan , number,,,,,nan , [caf1_pres] = '1',y , nan,RH , nan, [caf1_pres] = '1'
metr1_route , caf1_date,treatment,,,,radio , text,<i>        route<i> , <i>Date chloramphenical was prescribed<i>,"1, iv | 2, po| -1, Empty ", nan,nan , if not available indicate 01/01/1913,nan , date_dmy,,,,,[metr1_pres] = '1' , [caf1_pres] = '1',,,RH , nan,
metr1_dose , metr1_pres,treatment,,,,text , yesno,<i>        dose<i> , Metronidazole(flagyl) prescribed,,,,,number , nan,,,,,[metr1_pres] = '1' , nan,nan , y,nan , RH,
metr1_unit , metr1_route,treatment,,,,radio,,<i>        units<i> , <i>        route<i>,"1, mg | 2, mls |3,tabs | -1, Empty "," 1, iv | 2, po| -1, Empty",,,,,,,,,[metr1_pres] = '1', ,,,RH,,
metr1_freq , metr1_dose,treatment,,,,dropdown , text,<i>        frequency<i> , <i>        dose<i>,"1, OD/once a day/24hrly | 2, BD/twice a day/12hrly | 3, TID/TDS/three times a day/8hrly |4, QID/4 times a day/6hrly|5, STAT |-1, Empty ", nan,No. of doses in 24hrs , nan,nan , number,,,,,[metr1_pres] = '1', ,,,,,
metr1_days , metr1_unit,treatment,,,,text , radio,<i>        duration (days)<i> , <i>        units<i>,nan ," 1, mg | 2, mls |3,tabs | -1, Empty",enter the duration the drug was administered in days , nan,number , nan,,,,,[metr1_pres] = '1', ,,,nan , RH,
metr1_date , metr1_freq,treatment,,,,text , dropdown,<i>        Date metronidazole was prescribed<i> , <i>        frequency<i>,nan ," 1, OD/once a day/24hrly | 2, BD/twice a day/12hrly | 3, TID/TDS/three times a day/8hrly |4, QID/4 times a day/6hrly|5, STAT |-1, Empty",if not available indicate 01/01/1912 , No. of doses in 24hrs,date_dmy , nan,,,,,[metr1_pres] = '1', ,,,,,
cotrimox1_pres , metr1_days,treatment,,,,yesno , text,Cotrimoxazole (Septrin) prescribed , <i>        duration (days)<i>,,,nan , enter the duration the drug was administered in days,nan , number,,,,,nan , [metr1_pres] = '1',y , nan,RH , nan, [metr1_pres] = '1'
cotrimox1_route , metr1_date,treatment,,,,radio , text,<i>        route<i> , <i>Date metronidazole was prescribed<i>,"1, P.O | -1, Empty ", nan,nan , if not available indicate 01/01/1913,nan , date_dmy,,,,,[cotrimox1_pres] = '1' , [metr1_pres] = '1',,,RH , nan,
cotrimox1_dose , cotrimox1_pres,treatment,,,,text , yesno,<i>        dose<i> , Cotrimoxazole (Septrin) prescribed,,,,,number , nan,,,,,[cotrimox1_pres] = '1' , nan,nan , y,nan , RH,
cotrimox1_days , cotrimox1_route,treatment,,,,text , radio,<i>        duration (days)<i> , <i>        route<i>,nan ," 1, P.O | -1, Empty",enter the duration the drug was administered in days , nan,number , nan,,,,,[cotrimox1_pres] = '1', ,,,nan , RH,
cotrimox1_date , cotrimox1_dose,treatment,,,,text,,<i>        Date cotrimoxazole was prescribed<i> , <i>        dose<i>,,,if not available indicate 01/01/1912 , nan,date_dmy , number,,,,,[cotrimox1_pres] = '1', ,,,,,
anti_tb1_pres , cotrimox1_days,treatment,,,,yesno , text,Anti-TBs prescribed , <i>        duration (days)<i>,,,nan , enter the duration the drug was administered in days,nan , number,,,,,nan , [cotrimox1_pres] = '1',y , nan,RH , nan, [cotrimox1_pres] = '1'
anti_malarials , cotrimox1_date,treatment,,<h1><font color=greem>Anti-malarials</font></h1> , nan,yesno , text,"Anti-Malarials prescribed (Qinine, Artesunate, Artemether, Coartem/AL) ", <i>Date cotrimoxazole was prescribed<i>,,,nan , if not available indicate 01/01/1913,nan , date_dmy,,,,,nan , [cotrimox1_pres] = '1',y , nan,RH , nan,
quinl1_pres , anti_tb1_pres,treatment,,,,yesno,,Quinine loading dose prescribed , Anti-TBs prescribed,,,,,,,,,,,[anti_malarials]='1'  , nan,y,,RH,,
quinl1_route , anti_malarials,treatment,,nan , <h1><font color=greem>Anti-malarials</font></h1>,radio , yesno,<i>        route<i> ," Anti-Malarials prescribed (Qinine, Artesunate, Artemether, Coartem/AL)","1, IV | 2, IM | -1, Empty ", nan,,,,,,,,,[quinl1_pres] = '1' and [anti_malarials]='1'  , nan,nan , y,RH,,
quinl1_dose , quinl1_pres,treatment,,,,text , yesno,<i>        dose<i> , Quinine loading dose prescribed,,,,,number , nan,,,,,[quinl1_pres] = '1' and [anti_malarials]='1'  , [anti_malarials]='1' ,nan , y,nan , RH, [anti_malarials]='1' 
quinl1_date , quinl1_route,treatment,,,,text , radio,<i>        date<i> , <i>        route<i>,nan ," 1, IV | 2, IM | -1, Empty",if not available indicate 01/01/1912 , nan,date_dmy , nan,,,,,[quinl1_pres] = '1' and [anti_malarials]='1' , ,,,nan , RH,
quinm1_pres , quinl1_dose,treatment,,,,yesno , text,Quinine Maintenance dose prescribed , <i>        dose<i>,,,,,nan , number,,,,,[anti_malarials]='1'  , [quinl1_pres] = '1' and [anti_malarials]='1' ,y , nan,RH , nan, [quinl1_pres] = '1' and [anti_malarials]='1' 
quinm1_route , quinl1_date,treatment,,,,radio , text,<i>        route<i> , <i>date<i>,"1, IV | 2, IM |3,PO | -1, Empty ", nan,nan , if not available indicate 01/01/1913,nan , date_dmy,,,,,[quinm1_pres] = '1' and [anti_malarials]='1'  , [quinl1_pres] = '1' and [anti_malarials]='1' ,,,RH , nan,
quinm1_dose , quinm1_pres,treatment,,,,text , yesno,<i>        dose<i> , Quinine Maintenance dose prescribed,,,,,number , nan,,,,,[quinm1_pres] = '1' and [anti_malarials]='1'  , [anti_malarials]='1' ,nan , y,nan , RH,
quinm1_freq , quinm1_route,treatment,,,,dropdown , radio,<i>        frequency<i> , <i>        route<i>,"1, OD/once a day/24hrly | 2, BD/twice a day/12hrly | 3, TID/TDS/three times a day/8hrly |4, QID/4 times a day/6hrly|5, STAT |-1, Empty "," 1, IV | 2, IM |3,PO | -1, Empty",no of doses in 24hrs , nan,,,,,,,[quinm1_pres] = '1' and [anti_malarials]='1' , ,,,nan , RH,
quinm1_days , quinm1_dose,treatment,,,,text,,<i>        duration (days)<i> , <i>        dose<i>,,,enter the duration the drug was administered in days , nan,number,,,,,,[quinm1_pres] = '1' and [anti_malarials]='1' , ,,,,,
quinm1_date , quinm1_freq,treatment,,,,text , dropdown,<i>        Date Quinine was prescribed<i> , <i>        frequency<i>,nan ," 1, OD/once a day/24hrly | 2, BD/twice a day/12hrly | 3, TID/TDS/three times a day/8hrly |4, QID/4 times a day/6hrly|5, STAT |-1, Empty",if not available indicate 01/01/1912 , no of doses in 24hrs,date_dmy , nan,,,,,[quinm1_pres] = '1' and [anti_malarials]='1' , ,,,,,
arte_pres , quinm1_days,treatment,,,,yesno , text,Artesunate  prescribed , <i>        duration (days)<i>,,,nan , enter the duration the drug was administered in days,nan , number,,,,,[anti_malarials]='1'  , [quinm1_pres] = '1' and [anti_malarials]='1' ,y , nan,RH , nan, [quinm1_pres] = '1' and [anti_malarials]='1' 
arte_route , quinm1_date,treatment,,,,radio , text,<i>        route<i> , <i>Date Quinine was prescribed<i>,"1, IV | 2, IM |3,PO | -1, Empty ", nan,nan , if not available indicate 01/01/1913,nan , date_dmy,,,,,[arte_pres] = '1' and [anti_malarials]='1'  , [quinm1_pres] = '1' and [anti_malarials]='1' ,,,RH , nan,
arte_dose , arte_pres,treatment,,,,text , yesno,<i>        dose<i> , Artesunate  prescribed,,,,,number , nan,,,,,[arte_pres] = '1' and [anti_malarials]='1'  , [anti_malarials]='1' ,nan , y,nan , RH,
arte_freq , arte_route,treatment,,,,dropdown , radio,<i>        frequency<i> , <i>        route<i>,"1, OD/once a day/24hrly | 2, BD/twice a day/12hrly | 3, TID/TDS/three times a day/8hrly |4, QID/4 times a day/6hrly|5, STAT |6, Twice a day(BD) on day 1 then once day (OD) subsequent days "," 1, IV | 2, IM |3,PO | -1, Empty",no of doses in 24hrs , nan,,,,,,,[arte_pres] = '1' and [anti_malarials]='1' , ,,,nan , RH,
arte_days , arte_dose,treatment,,,,text,,<i>        duration (days)<i> , <i>        dose<i>,,,enter the duration the drug was administered in days , nan,number,,,,,,[arte_pres] = '1' and [anti_malarials]='1' , ,,,,,
arte_date , arte_freq,treatment,,,,text , dropdown,<i>        Date Artesunate was prescribed<i> , <i>        frequency<i>,nan ," 1, OD/once a day/24hrly | 2, BD/twice a day/12hrly | 3, TID/TDS/three times a day/8hrly |4, QID/4 times a day/6hrly|5, STAT |6, Twice a day(BD) on day 1 then once day (OD) subsequent days",if not available indicate 01/01/1912 , no of doses in 24hrs,date_dmy , nan,,,,,[arte_pres] = '1' and [anti_malarials]='1' , ,,,,,
artemether , arte_days,treatment,,,,yesno , text,Artemether prescribed , <i>        duration (days)<i>,,,nan , enter the duration the drug was administered in days,nan , number,,,,,[anti_malarials]='1'  , [arte_pres] = '1' and [anti_malarials]='1' ,,,,, [arte_pres] = '1' and [anti_malarials]='1' 
coart1_pres , arte_date,treatment,,,,yesno , text,Coartem (AL/Artemether Lumefantrine) prescribed , <i>Date Artesunate was prescribed<i>,,,nan , if not available indicate 01/01/1913,nan , date_dmy,,,,,[anti_malarials]='1'  , [arte_pres] = '1' and [anti_malarials]='1' ,y , nan,RH , nan,
coart1_dose , artemether,treatment,,,,text , yesno,<i>        dose<i> , Artemether prescribed,,,,,number , nan,,,,,[coart1_pres] = '1' and [anti_malarials]='1'  , [anti_malarials]='1' ,,,,,
coart1_units , coart1_pres,treatment,,,,radio , yesno,<i>        units<i> , Coartem (AL/Artemether Lumefantrine) prescribed,"1, tablets| 2, mg |-1, Empty ", nan,,,,,,,,,[coart1_pres] = '1' and [anti_malarials]='1'  , [anti_malarials]='1' ,nan , y,nan , RH,
coart1_freq , coart1_dose,treatment,,,,dropdown , text,<i>        frequency<i> , <i>        dose<i>,"1, OD/once a day/24hrly | 2, BD/twice a day/12hrly | 3, TID/TDS/three times a day/8hrly |4, QID/4 times a day/6hrly|5, STAT |-1, Empty ", nan,no of doses in 24hrs , nan,nan , number,,,,,[coart1_pres] = '1' and [anti_malarials]='1' , ,,,,,
coart1_days , coart1_units,treatment,,,,text , radio,<i>        duration (days)<i> , <i>        units<i>,nan ," 1, tablets| 2, mg |-1, Empty",enter the duration the drug was administered in days , nan,number , nan,,,,,[coart1_pres] = '1' and [anti_malarials]='1' , ,,,,,
coart1_date , coart1_freq,treatment,,,,text , dropdown,<i>        Date coartem was prescribed<i> , <i>        frequency<i>,nan ," 1, OD/once a day/24hrly | 2, BD/twice a day/12hrly | 3, TID/TDS/three times a day/8hrly |4, QID/4 times a day/6hrly|5, STAT |-1, Empty",if not available indicate 01/01/1912 , no of doses in 24hrs,date_dmy , nan,,,,,[coart1_pres] = '1' and [anti_malarials]='1' , ,,,,,
ceta1_pres , coart1_days,treatment,,<h1><font color=greem>Consider only admission treatment</font></h1> , nan,yesno , text,Paracetamol prescribed , <i>        duration (days)<i>,,,nan , enter the duration the drug was administered in days,nan , number,,,,,nan , [coart1_pres] = '1' and [anti_malarials]='1' ,y , nan,RH , nan, [coart1_pres] = '1' and [anti_malarials]='1' 
salb_pres , coart1_date,treatment,,,,yesno , text,Salbutamol / ventolin prescribed , <i>Date coartem was prescribed<i>,,,nan , if not available indicate 01/01/1913,nan , date_dmy,,,,,nan , [coart1_pres] = '1' and [anti_malarials]='1' ,y , nan,RH , nan,
salb1_route , ceta1_pres,treatment,,nan , <h1><font color=greem>Consider only admission treatment</font></h1>,radio , yesno,<i>        route<i> , Paracetamol prescribed,"1,Puffs | 2, po (syrup) |3, nebulizations (nebs) | -1, Empty ", nan,,,,,,,,,[salb_pres]='1' , nan,y,,RH,,
pred1_pres , salb_pres,treatment,,,,yesno,,Predinsolone prescribed , Salbutamol / ventolin prescribed,,,,,,,,,,, , ,y,,RH,,
vita , salb1_route,treatment,,,,yesno , radio,Vitamin A prescribed  , <i>        route<i>,nan ," 1,Puffs | 2, po (syrup) |3, nebulizations (nebs) | -1, Empty",,,,,,,,,nan , [salb_pres]='1',y,,RH,, [salb_pres]='1'
zinc1_pres , pred1_pres,treatment,,,,yesno,,Zinc prescribed for diarrhoea , Predinsolone prescribed,,,,,,,,,,, , ,y,,RH,,
dextrose_10 , vita,treatment,,,,yesno,,10% dextrose bolus prescribed , Vitamin A prescribed ,,,,,,,,,,, , ,y,,RH,,
dextrose_vol , zinc1_pres,treatment,,,,text , yesno,Volume of 10% dextrose prescribed , Zinc prescribed for diarrhoea,,,volume in mls , nan,number , nan,,,,,[dextrose_10] = '1' , nan,nan , y,nan , RH,
adm_rx , dextrose_10,treatment,,<h1><font color=greem>Other treatment during inpatient stay not listed above</font></h1> , nan,yesno,,Other admission  treatment prescribed , 10% dextrose bolus prescribed,,,,,,,,,,, , ,nan , y,RH,,
adm_rx1 , dextrose_vol,treatment,,,,dropdown , text,Admission treatment1 , Volume of 10% dextrose prescribed,"1, Amodiaquine|2,Coartem |3, Albendazole | 4, Brufen | 5, Ciprofloxacin |6, Paracetamol |7, cough syrup |8, Erythromycin |9, Albedazole | 10, Cotrimoxazole (Septrin)  |11, Folate | 12, Folic acid | 13, Levamisole | 14, Multivitamin | 15, Nystatin Oral Drops | 16, Phenobarbital | 17, Salbutamol |18, Prednisone | 19, Zinc sulphate | 20, Anti-TB | 21, Paediatric HAART | 22, Iron (ferrous) | 23, clotrimazole  |24, Nystatin Oral drops  | 25, Tetracycline eye ointment | 26, chlopheniramine (piriton) syrup |27,fluconazole ", nan,nan , volume in mls,nan , number,,,,,[adm_rx]='1' , [dextrose_10] = '1',,,,, [dextrose_10] = '1'
adm_rx2 , adm_rx,treatment,,nan , <h1><font color=greem>Other treatment during inpatient stay not listed above</font></h1>,dropdown , yesno,Admission treatment2 , Other admission  treatment prescribed,"1, Amodiaquine|2,Coartem |3, Albendazole | 4, Brufen | 5, Ciprofloxacin |6, Paracetamol |7, cough syrup |8, Erythromycin |9, Albedazole | 10, Cotrimoxazole (Septrin)  |11, Folate | 12, Folic acid | 13, Levamisole | 14, Multivitamin | 15, Nystatin Oral Drops | 16, Phenobarbital | 17, Salbutamol |18, Prednisone | 19, Zinc sulphate | 20, Anti-TB | 21, Paediatric HAART | 22, Iron (ferrous) | 23, clotrimazole  |24, Nystatin Oral drops  | 25, Tetracycline eye ointment | 26, chlopheniramine (piriton) syrup |27,fluconazole ", nan,,,,,,,,,[adm_rx]='1' , nan,,,nan , RH,
adm_rx3 , adm_rx1,treatment,,,,dropdown,,Admission treatment3 , Admission treatment1,"1, Amodiaquine|2,Coartem |3, Albendazole | 4, Brufen | 5, Ciprofloxacin |6, Paracetamol |7, cough syrup |8, Erythromycin |9, Albedazole | 10, Cotrimoxazole (Septrin)  |11, Folate | 12, Folic acid | 13, Levamisole | 14, Multivitamin | 15, Nystatin Oral Drops | 16, Phenobarbital | 17, Salbutamol |18, Prednisone | 19, Zinc sulphate | 20, Anti-TB | 21, Paediatric HAART | 22, Iron (ferrous) | 23, clotrimazole  |24, Nystatin Oral drops  | 25, Tetracycline eye ointment | 26, chlopheniramine (piriton) syrup |27,fluconazole",,,,,,,,,,[adm_rx]='1', ,,,,,
adm_rx4 , adm_rx2,treatment,,,,dropdown,,Admission treatment4 , Admission treatment2,"1, Amodiaquine|2,Coartem |3, Albendazole | 4, Brufen | 5, Ciprofloxacin |6, Paracetamol |7, cough syrup |8, Erythromycin |9, Albedazole | 10, Cotrimoxazole (Septrin)  |11, Folate | 12, Folic acid | 13, Levamisole | 14, Multivitamin | 15, Nystatin Oral Drops | 16, Phenobarbital | 17, Salbutamol |18, Prednisone | 19, Zinc sulphate | 20, Anti-TB | 21, Paediatric HAART | 22, Iron (ferrous) | 23, clotrimazole  |24, Nystatin Oral drops  | 25, Tetracycline eye ointment | 26, chlopheniramine (piriton) syrup |27,fluconazole",,,,,,,,,,[adm_rx]='1', ,,,,,
adm_rx_other1 , adm_rx3,treatment,,,,text , dropdown,Admission treatment_other1 , Admission treatment3,nan ," 1, Amodiaquine|2,Coartem |3, Albendazole | 4, Brufen | 5, Ciprofloxacin |6, Paracetamol |7, cough syrup |8, Erythromycin |9, Albedazole | 10, Cotrimoxazole (Septrin)  |11, Folate | 12, Folic acid | 13, Levamisole | 14, Multivitamin | 15, Nystatin Oral Drops | 16, Phenobarbital | 17, Salbutamol |18, Prednisone | 19, Zinc sulphate | 20, Anti-TB | 21, Paediatric HAART | 22, Iron (ferrous) | 23, clotrimazole  |24, Nystatin Oral drops  | 25, Tetracycline eye ointment | 26, chlopheniramine (piriton) syrup |27,fluconazole",,,,,,,,,[adm_rx]='1', ,,,,,
desctx4 , adm_rx4,supportive_care , treatment,,,descriptive , dropdown,"<h1><font color=""green"">SUPPORTIVE CARE</font></h1> ", Admission treatment4,nan ," 1, Amodiaquine|2,Coartem |3, Albendazole | 4, Brufen | 5, Ciprofloxacin |6, Paracetamol |7, cough syrup |8, Erythromycin |9, Albedazole | 10, Cotrimoxazole (Septrin)  |11, Folate | 12, Folic acid | 13, Levamisole | 14, Multivitamin | 15, Nystatin Oral Drops | 16, Phenobarbital | 17, Salbutamol |18, Prednisone | 19, Zinc sulphate | 20, Anti-TB | 21, Paediatric HAART | 22, Iron (ferrous) | 23, clotrimazole  |24, Nystatin Oral drops  | 25, Tetracycline eye ointment | 26, chlopheniramine (piriton) syrup |27,fluconazole",,,,,,,,,nan , [adm_rx]='1',,,,, [adm_rx]='1'
oxy_order , adm_rx_other1,supportive_care , treatment,Oxygen and Blood transfusion , nan,yesno , text,Oxygen ordered , Admission treatment_other1,,,,,,,,,,,nan , [adm_rx]='1',y , nan,RH , nan,
oxy_rate , desctx4,supportive_care,,,,text , descriptive,<i>   flow rate<i> ," <h1><font color=""green"">SUPPORTIVE CARE</font></h1>",,,litres/min; input -1 for empty , nan,number , nan,,,,,[oxy_order] = '1' , nan,,,,,
oxy_route , oxy_order,supportive_care,,nan , Oxygen and Blood transfusion,dropdown , yesno,<i>   route of admin<i> , Oxygen ordered,"1, Nasal Catheter | 2, Nasal prongs | 3, simple mask | 4, Mask with reservouir | 5, other | -1, Empty ", nan,,,,,,,,,[oxy_order] = '1' , nan,nan , y,nan , RH,
oxy_date , oxy_rate,supportive_care,,,,text,,<i>   Date oxygen prescribed<i> , <i>   flow rate<i>,,,if not available indicate 01/01/1912 , litres/min; input -1 for empty,date_dmy , number,,,,,[oxy_order] = '1', ,,,,,
transf_order , oxy_route,supportive_care,,,,yesno , dropdown,Blood transfusion given , <i>   route of admin<i>,nan ," 1, Nasal Catheter | 2, Nasal prongs | 3, simple mask | 4, Mask with reservouir | 5, other | -1, Empty",,,,,,,,,nan , [oxy_order] = '1',y , nan,RH , nan, [oxy_order] = '1'
transf_vol , oxy_date,supportive_care,,,,text,,<i>   volume of blood<i> , <i>Date oxygen prescribed<i>,,,vol in mls , if not available indicate 01/01/1913,number , date_dmy,,,,,[transf_order] = '1' , [oxy_order] = '1',,,,,
transf_hrs , transf_order,supportive_care,,,,text , yesno,<i>   duration of transfusionprescribed<i> , Blood transfusion given,,,duration in hrs , nan,number , nan,,,,,[transf_order] = '1' , nan,nan , y,nan , RH,
transf_date_pres , transf_vol,supportive_care,,,,text,,<i>   Date transfusion prescribed<i> , <i>   volume of blood<i>,,,if not available indicate 01/01/1912 , vol in mls,date_dmy , number,,,,,[transf_order] = '1', ,,,,,
transf_date_gvn , transf_hrs,supportive_care,,,,text,,<i>   Date transfusion given<i> , <i>   duration of transfusionprescribed<i>,,,if not available indicate 01/01/1912 , duration in hrs,date_dmy , number,,,,,[transf_order] = '1', ,,,,,
dehyd_fluid , transf_date_pres,supportive_care,,Fluids , nan,yesno , text,Fluids prescribed at admission , <i>Date transfusion prescribed<i>,,,nan , if not available indicate 01/01/1913,nan , date_dmy,,,,,nan , [transf_order] = '1',y , nan,RH , nan, [transf_order] = '1'
iv_fluid , transf_date_gvn,supportive_care,,,,yesno , text,Child given IV fluids for dehydration , <i>Date transfusion given<i>,,,nan , if not available indicate 01/01/1913,nan , date_dmy,,,,,nan , [transf_order] = '1',y , nan,RH , nan,
fluid_bolus , dehyd_fluid,supportive_care,,nan , Fluids,yesno,,Fluid bolus given , Fluids prescribed at admission,,,,,,,,,,,[iv_fluid] = '1' , nan,nan , y,RH,,
fluid_bolus_type , iv_fluid,supportive_care,,,,dropdown , yesno,Type of fluid given for bolus infusion , Child given IV fluids for dehydration,"1, Ringers | 2, Normal saline | 3, Half strength Darrows (HSD) | 4, HSD/5% dextrose | 5, 5% dextrose|6, 50% dextrose|7, Other | -1, Empty ", nan,,,,,,,,,[iv_fluid] = '1' and [fluid_bolus]='1' , nan,nan , y,nan , RH,
fluid_bolus_dura , fluid_bolus,supportive_care,,,,dropdown , yesno,Duration of bolus adminstration , Fluid bolus given,"1, shock/rapid/stat/15 minutes |2, 1-2 hours |-1, Empty ", nan,,,,,,,,,[iv_fluid] = '1' and [fluid_bolus]='1' , [iv_fluid] = '1',,,nan , RH, [iv_fluid] = '1'
fluid_pres1 , fluid_bolus_type,supportive_care,,,,dropdown,,<i>type of fluid prescribed for dehydration<i> , Type of fluid given for bolus infusion,"1, Ringers | 2, Normal saline | 3, Half strength Darrows (HSD) | 4, HSD/5% dextrose | 5, 5% dextrose|6, 50% dextrose|7, Other | -1, Empty",,,,,,,,,,[iv_fluid] = '1' , [iv_fluid] = '1' and [fluid_bolus]='1',,,,, [iv_fluid] = '1' and [fluid_bolus]='1'
total_vol1 , fluid_bolus_dura,supportive_care,,,,text , dropdown,<i>total volume prescribed<i> , Duration of bolus adminstration,nan ," 1, shock/rapid/stat/15 minutes |2, 1-2 hours |-1, Empty",total vol in mls  , nan,number , nan,,,,,[iv_fluid] = '1' , [iv_fluid] = '1' and [fluid_bolus]='1',,,,,
fluid_time1 , fluid_pres1,supportive_care,,,,text , dropdown,<i>total duration prescribed<i> , <i>type of fluid prescribed for dehydration<i>,nan ," 1, Ringers | 2, Normal saline | 3, Half strength Darrows (HSD) | 4, HSD/5% dextrose | 5, 5% dextrose | 8, 10% dextrose | 6, 50% dextrose | 7, Other | -1, Empty",total time in hrs  , nan,number , nan,,,,,[iv_fluid] = '1', ,,,,,
fluid_step1_2 , other_fluid_presc,supportive_care,,,,yesno , text,<i>Step 1 and 2 used <i> , Other fluid prescribed,,,,,,,,,,,[iv_fluid] = '1' , [fluid_pres1] = '7',,,RH , nan, [fluid_pres1] = '7'
oral_fluid , total_vol1,supportive_care,,,,yesno , text,Oral fluids prescribed , <i>total volume prescribed<i>,,,nan , total vol in mls ,nan , number,,,,,nan , [iv_fluid] = '1',,,RH , nan,
fluid_pres2 , fluid_time1,supportive_care,,,,dropdown , text,<i>type of fluid prescribed<i> , <i>total duration prescribed<i>,"1, ORS | 2, Resomal | 3, Other | -1, Empty ", nan,nan , total time in hrs ,nan , number,,,,,[oral_fluid] = '1' , [iv_fluid] = '1',,,,,
total_vol2 , fluid_step1_2,supportive_care,,,,text , yesno,<i>total volume prescribed<i> , <i>Step 1 and 2 used <i>,,,total vol in mls , nan,number , nan,,,,,[oral_fluid] = '1' , [iv_fluid] = '1',,,nan , RH,
fluid_time2 , oral_fluid,supportive_care,,,,text , yesno,<i>duration prescribed<i> , Oral fluids prescribed,,,time in hrs , nan,number , nan,,,,,[oral_fluid] = '1' , nan,,,nan , RH,
vol_stool , fluid_pres2,supportive_care,,,,text , dropdown,<i>volume with each stool<i> , <i>type of fluid prescribed<i>,nan ," 1, ORS | 2, Resomal | 3, Other | -1, Empty",vol in mls , nan,number , nan,,,,,[oral_fluid] = '1', ,,,,,
fluid_maint , total_vol2,supportive_care,,,,yesno , text,Maintenance fluids prescribe , <i>total volume prescribed<i>,,,nan , total vol in mls,nan , number,,,,,nan , [oral_fluid] = '1',,,RH , nan, [oral_fluid] = '1'
fluid_maint_vol , fluid_time2,supportive_care,,,,text,,<i>total volume of maintenance fluids<i> , <i>duration prescribed<i>,,,total vol in mls  , time in hrs,number,,,,,,[fluid_maint]='1' , [oral_fluid] = '1',,,,,
malnourished , vol_stool,supportive_care,,Feeds , nan,yesno , text,Was the child prescribed feeds at admission , <i>volume with each stool<i>,,,nan , vol in mls,nan , number,,,,,nan , [oral_fluid] = '1',y , nan,RH , nan,
feed_pres , fluid_maint,supportive_care,,,,dropdown , yesno,<i>type of feeds prescribed<i> , Maintenance fluids prescribe,"1, F75 | 2, F100 | 3, Special milk | 4, High protein diet | 5, EBM (Expressed breast Milk)| 6, Formula | 7, Other | 8, RUTF/plumpy nut |9, none | -1, Empty ", nan,,,,,,,,,[malnourished] = '1' , nan,,,nan , RH,
feed_vol , fluid_maint_vol,supportive_care,,,,text,,<i>feed volume<i> , <i>total volume of maintenance fluids<i>,,,Volume per feed in mls , total vol in mls ,number,,,,,,[malnourished] = '1' , [fluid_maint]='1',,,,, [fluid_maint]='1'
feed_vol_packets , malnourished,supportive_care,,nan , Feeds,text , yesno,<i>Number of packets in 24 hours<i> , Was the child prescribed feeds at admission,,,packets , nan,,,,,,,[malnourished] = '1' and [feed_pres]='8' , nan,nan , y,nan , RH,
freq_24hrs , feed_pres,supportive_care,,,,text , dropdown,<i>frequecy in 24 hrs<i> , <i>type of feeds prescribed<i>,nan ," 1, F75 | 2, F100 | 3, Special milk | 4, High protein diet | 5, EBM (Expressed breast Milk) | 6, Formula | 7, Other | 8, RUTF/plumpy nut | -1, Empty",,,number , nan,,,,,[malnourished] = '1', ,,,,,
date_feeds_start , other_feed_pres,supportive_care,,,,text,,<i>Date feeds were started<i> , Other feed prescribed,,,(For Empty Date type 01/01/1912) , nan,date_dmy , nan,,,,,nan , [feed_pres] = '7',,,,, [feed_pres] = '7'
fluid_feed_mon , feed_vol,supportive_care,,Fluid and Feed monitoring , nan,yesno , text,fluid/feed monitoring chart availble , <i>feed volume<i>,,,nan , Volume per feed in mls,nan , number,,,,,nan , [malnourished] = '1',,,RH , nan, [malnourished] = '1'
fluid_feed_monpres , feed_vol_packets,supportive_care,,,,text,,Frequency of fluid/feed monitoring in 24hrs , <i>Number of packets in 24 hours<i>,,,nan , packets,,,,,,,[fluid_feed_mon] = '1' , [malnourished] = '1' and [feed_pres]='8',,,RH , nan, [malnourished] = '1' and [feed_pres]='8'
vitals_chart , freq_24hrs,monitoring , supportive_care,MONITORING , nan,yesno , text,vitals signs chart present , <i>frequecy in 24 hrs<i>,,,,,nan , number,,,,,nan , [malnourished] = '1',y , nan,RH , nan,
vital_monit_48hrs , date_feeds_start,monitoring , supportive_care,,,yesno , text,Vital signs monitored in the first 48 hours , <i>Date feeds were started<i>,,,nan , (For Empty Date type 01/01/1913),nan , date_dmy,,,,,[vitals_chart] ='1' , [malnourished] = '1',,,RH , nan,
temp_chart , fluid_feed_mon,monitoring , supportive_care,nan , Fluid and Feed monitoring,dropdown , yesno,Number of times temp monitored in 48 hrs , fluid/feed monitoring chart availble,"0,0| 1,1 |2,2 |3,3 |4,4 |5, 5|6, 6| 7, 7| 8, 8 ", nan,,,,,,,,,[vitals_chart] ='1' and [vital_monit_48hrs]='1' , nan,,,nan , RH,
resp_chart , fluid_feed_monpres,monitoring , supportive_care,,,dropdown , text,Number of times respiratory rate monitored in 48 hrs , Frequency of fluid/feed monitoring in 24hrs,"0,0| 1,1 |2,2 |3,3 |4,4 |5, 5|6, 6| 7, 7| 8, 9 ", nan,,,,,,,,,[vitals_chart] ='1' and [vital_monit_48hrs]='1' , [fluid_feed_mon] = '1',,,nan , RH, [fluid_feed_mon] = '1'
pulse_chart , vitals_chart,monitoring,,nan , MONITORING,dropdown , yesno,Number of times pulse rate monitored in 48 hrs , vitals signs chart present,"0,0| 1,1 |2,2 |3,3 |4,4 |5, 5|6, 6| 7, 7| 8, 10 ", nan,,,,,,,,,[vitals_chart] ='1' and [vital_monit_48hrs]='1' , nan,nan , y,nan , RH,
bp_moni , vital_monit_48hrs,monitoring,,,,yesno,,Bp monitored , Vital signs monitored in the first 48 hours,,,,,,,,,,,[vitals_chart] ='1' and [vital_monit_48hrs]='1' and ([hosp_id]='60' or [hosp_id]='62' or [hosp_id]='65' or [hosp_id]='66') , [vitals_chart] ='1',,,RH,, [vitals_chart] ='1'
bp_charting , temp_chart,monitoring,,,,dropdown,,Number of times BP monitored in 48hrs , Number of times temp monitored in 48 hrs,"0,0| 1,1 |2,2 |3,3 |4,4 |5, 5|6, 6| 7, 7| 8, 10 "," 0, 0 | 1, 1 | 2, 2 | 3, 3 | 4, 4 | 5, 5 | 6, 6 | 7, 7 | 8, 8 | 9, 9 | 10, 10",,,,,,,,,[vitals_chart] ='1' and [vital_monit_48hrs]='1'  and [bp_moni] = '1'   and ([hosp_id]='60' or [hosp_id]='62' or [hosp_id]='65' or [hosp_id]='66') , [vitals_chart] ='1' and [vital_monit_48hrs]='1',,,,, [vitals_chart] ='1' and [vital_monit_48hrs]='1'
oxy_sat_moni , resp_chart,monitoring,,,,yesno , dropdown,Oxygen saturation monitored , Number of times respiratory rate monitored in 48 hrs,nan ," 0, 0 | 1, 1 | 2, 2 | 3, 3 | 4, 4 | 5, 5 | 6, 6 | 7, 7 | 8, 8 | 9, 9 | 10, 10",,,,,,,,,[vitals_chart] ='1'  and [vital_monit_48hrs]='1' and ([hosp_id]='60' or [hosp_id]='62' or [hosp_id]='65' or [hosp_id]='66') , [vitals_chart] ='1' and [vital_monit_48hrs]='1',,,RH , nan,
oxy_sat_chart , pulse_chart,monitoring,,,,dropdown,,Number of times oxygen saturation monitored in 48 hrs , Number of times pulse rate monitored in 48 hrs,"0,0| 1,1 |2,2 |3,3 |4,4 |5, 5|6, 6| 7, 7| 8, 10 "," 0, 0 | 1, 1 | 2, 2 | 3, 3 | 4, 4 | 5, 5 | 6, 6 | 7, 7 | 8, 8 | 9, 9 | 10, 10",,,,,,,,,[vitals_chart] ='1' and [vital_monit_48hrs]='1'  and [oxy_sat_moni] = '1'  and ([hosp_id]='60' or [hosp_id]='62' or [hosp_id]='65' or [hosp_id]='66') , [vitals_chart] ='1' and [vital_monit_48hrs]='1',,,,,
disch_death_summ , bp_moni,discharge_information , monitoring,<h1><font color=blue>DISCHARGE INFORMATION</font></h1> , nan,yesno,,Death / discharge summary present , Bp monitored,,,,,,,,,,,nan , [vitals_chart] ='1' and [vital_monit_48hrs]='1' and ([hosp_id]='60' or [hosp_id]='62' or [hosp_id]='65' or [hosp_id]='66'),,,RH,, [vitals_chart] ='1' and [vital_monit_48hrs]='1' and ([hosp_id]='60' or [hosp_id]='62' or [hosp_id]='65' or [hosp_id]='66')
date_discharge , bp_charting,discharge_information , monitoring,,,text , dropdown,Date of discharge / death , Number of times BP monitored in 48hrs,nan ," 0,0| 1,1 |2,2 |3,3 |4,4 |5, 5|6, 6| 7, 7| 8, 10",(For Empty Date type 01/01/1912) , nan,date_dmy , nan,,,,,nan , [vitals_chart] ='1' and [vital_monit_48hrs]='1'  and [bp_moni] = '1'   and ([hosp_id]='60' or [hosp_id]='62' or [hosp_id]='65' or [hosp_id]='66'),y , nan,,, [vitals_chart] ='1' and [vital_monit_48hrs]='1'  and [bp_moni] = '1'   and ([hosp_id]='60' or [hosp_id]='62' or [hosp_id]='65' or [hosp_id]='66')
outcome , oxy_sat_moni,discharge_information , monitoring,,,dropdown , yesno,Outcome at discharge , Oxygen saturation monitored,"1, Discharged | 2, Death | 3, Refer | 4, Absconded | -1, Empty ", nan,,,,,,,,,nan , [vitals_chart] ='1'  and [vital_monit_48hrs]='1' and ([hosp_id]='60' or [hosp_id]='62' or [hosp_id]='65' or [hosp_id]='66'),y , nan,nan , RH, [vitals_chart] ='1'  and [vital_monit_48hrs]='1' and ([hosp_id]='60' or [hosp_id]='62' or [hosp_id]='65' or [hosp_id]='66')
dsc_condition , oxy_sat_chart,discharge_information , monitoring,,,dropdown,,Condition on discharge , Number of times oxygen saturation monitored in 48 hrs,"1, None |2, Neuro sequelae/disability |3, Other |-1, Empty "," 0,0| 1,1 |2,2 |3,3 |4,4 |5, 5|6, 6| 7, 7| 8, 10",,,,,,,,,nan , [vitals_chart] ='1' and [vital_monit_48hrs]='1'  and [oxy_sat_moni] = '1'  and ([hosp_id]='60' or [hosp_id]='62' or [hosp_id]='65' or [hosp_id]='66'),,,,, [vitals_chart] ='1' and [vital_monit_48hrs]='1'  and [oxy_sat_moni] = '1'  and ([hosp_id]='60' or [hosp_id]='62' or [hosp_id]='65' or [hosp_id]='66')
follow_up , disch_death_summ,discharge_information,,nan , <h1><font color=blue>DISCHARGE INFORMATION</font></h1>,dropdown , yesno,Follow up care , Death / discharge summary present,"1, None  | 2, POPC | 3, local clinic ", nan,,,,,,,,, , ,,,nan , RH,
dsc_dx1_primary , date_discharge,discharge_information,,<h1><font color=green>Discharge diagnosis</font></h1> , nan,yesno , text,Clear primary discharge diagnosis , Date of discharge / death,,,nan , (For Empty Date type 01/01/1913),nan , date_dmy,,,,, , ,y,,RH , nan,
dsc_dx1_malaria , outcome,discharge_information,,Primary diagnosis (Enter ONLY the first diagnosis/ticked 1) , nan,dropdown,,Malaria , Outcome at discharge,"1,Severe | 2, Non severe |3, Non Classified "," 1, Discharged | 2, Death | 3, Refer | 4, Absconded | -1, Empty",,,,,,,,, , ,nan , y,,,
dsc_dx1_pneum , dsc_condition,discharge_information,,,,dropdown,,Pneumonia , Condition on discharge,"1,Very Severe | 2, Severe |3, Non Severe |4,No classification "," 1, Normal | 2, Neuro sequelae/disability | 3, Other | -1, Empty",,,,,,,,, , ,,,,,
dsc_dx1_diarrhoea , follow_up,discharge_information,,,,dropdown,,Diarrhoea / Acute GE (Gastro-Enteritis) , Follow up care,"1,Non-bloody | 2, bloody | 3, No classification "," 1, None  | 2, POPC | 3, local clinic",,,,,,,,, , ,,,,,
dsc_dx1_dehydrat , dsc_dx1_primary,discharge_information,,nan , <h1><font color=green>Discharge diagnosis</font></h1>,dropdown , yesno,Dehydration , Clear primary discharge diagnosis,"1,Shock |2, Severe | 3, Some|4, No Classification ", nan,,,,,,,,, , ,nan , y,nan , RH,
dsc_dx1_hiv , dsc_dx1_malaria,discharge_information,,nan , Primary diagnosis (Enter ONLY the first diagnosis/ticked 1),dropdown,,HIV / AIDS , Malaria,"1,Known | 2, Possible "," 1,Severe | 2, Non severe |3, Non Classified",,,,,,,,, , ,,,,,
dsc_dx1_malnutr , dsc_dx1_pneum,discharge_information,,,,dropdown,,Malnutrition , Pneumonia,"1,Kwashiorkor | 2, Marasmus | 3, Marasmus-Kwashiorkor | 5, mild | 6, moderate| 7, Severe | 8, No classification "," 1,Very Severe | 2, Severe |3, Non Severe |4,No classification",,,,,,,,, , ,,,,,
dsc_dx1_anaemia , dsc_dx1_diarrhoea,discharge_information,,,,dropdown,,Anaemia , Diarrhoea / Acute GE (Gastro-Enteritis),"1, Severe|2, Non Severe | 3, No classification "," 1,Non-bloody | 2, bloody | 3, No classification",,,,,,,,, , ,,,,,
dsc_dx1_meningitis , dsc_dx1_dehydrat,discharge_information,,,,yesno , dropdown,Meningitis , Dehydration,nan ," 1,Shock |2, Severe | 3, Some|4, No Classification",,,,,,,,, , ,,,RH , nan,
dsc_dx1_asthma , dsc_dx1_hiv,discharge_information,,,,dropdown,,Asthma , HIV / AIDS,"1,Very Severe | 2, Severe |3, Non Severe (mild) |4,No classification "," 1,Known | 2, Possible",,,,,,,,, , ,,,,,
dsc_dx1_tb , dsc_dx1_malnutr,discharge_information,,,,dropdown,,TB , Malnutrition,"1, PTB | 2, Extra-Pulmonary "," 1,Kwashiorkor | 2, Marasmus | 3, Marasmus-Kwashiorkor | 5, mild | 6, moderate| 7, Severe | 8, No classification",,,,,,,,, , ,,,RH , nan,
dsc_dx1_other_1 , dsc_dx1_anaemia,discharge_information,,,,dropdown,,Other Primary discharge diagnoses  1 , Anaemia,"2, ACUTE ABDOMEN | 3, Adenoid Hypentropy | 4, Convulsive disorder | 5, Chicken Pox | 6, Epilepsy | 7, Febrile convulsion | 8, Herbal intoxication | 9, Measles | 11, Underweight | 12, URTI | 13, sickle cell disease | 14, Otitis Media | 15, PCP | 17, Broncho spasms | 18, Burns | 19, Broncho pneumonia | 20, Cerebral palsy | 21, Sickle cell disease | 22, Hypoglycemia | 23, Helminthiasis | 24, Tinea spp | 25, Amoebiasis | 26, leukemia | 27, UrinaryTract Infection | 28, Bronchiolitis | 29, Acute respiratory infection | 30, Tonsolitis | 32, Failure to Thrive | 33, Oral Thrush | 34, Oral candidiasis |35, Birth Aspyhxia | 36, Premature/low birth weight | 37, Newborn RDS | 38, Neonatal Sepsis |39,Neonatal Meningitis | 40, Congenital abnormality | 41, Meconium aspiration | 42, Twin delivery | 43, Jaundice | 44, Neonatal Dehydration | 45, Neonatal Shock "," 1, Severe|2, Non Severe | 3, No classification",,,,,,,,, , ,,,,,
dsc_dx1_other_2 , dsc_dx1_meningitis,discharge_information,,,,text , yesno,Other Primary discharge diagnoses  2 , Meningitis,,,,,,,,,,, , ,,,nan , RH,
dsc_dx2 , dsc_dx1_asthma,discharge_information,,Secondary diagnosis (Enter all other diagnosis) , nan,yesno , dropdown,Is there a secondary diagnosis? , Asthma,nan ," 1,Very Severe | 2, Severe |3, Non Severe (mild) |4,No classification",,,,,,,,, , ,,,RH , nan,
dsc_dx2_malaria , dsc_dx1_tb,discharge_information,,,,dropdown,,Malaria , TB,"1,Severe | 2, Non severe |3, Non Classified "," 1, PTB | 2, Extra-Pulmonary",,,,,,,,,[dsc_dx2] = '1' , nan,,,nan , RH,
dsc_dx2_pneum , dsc_dx1_other_1,discharge_information,,,,dropdown,,Pneumonia , Other Primary discharge diagnoses  1,"1,Very Severe | 2, Severe |3, Non Severe |4,No classification "," 2, ACUTE ABDOMEN | 3, Adenoid Hypentropy | 4, Convulsive disorder | 5, Chicken Pox | 6, Epilepsy | 7, Febrile convulsion | 8, Herbal intoxication | 9, Measles | 11, Underweight | 12, URTI | 13, sickle cell disease | 14, Otitis Media | 15, PCP | 17, Broncho spasms | 18, Burns | 19, Broncho pneumonia | 20, Cerebral palsy | 21, Sickle cell disease | 22, Hypoglycemia | 23, Helminthiasis | 24, Tinea spp | 25, Amoebiasis | 26, leukemia | 27, UrinaryTract Infection | 28, Bronchiolitis | 29, Acute respiratory infection | 30, Tonsolitis | 32, Failure to Thrive | 33, Oral Thrush | 34, Oral candidiasis |35, Birth Aspyhxia | 36, Premature/low birth weight | 37, Newborn RDS | 38, Neonatal Sepsis |39,Neonatal Meningitis | 40, Congenital abnormality | 41, Meconium aspiration | 42, Twin delivery | 43, Jaundice | 44, Neonatal Dehydration | 45, Neonatal Shock",,,,,,,,,[dsc_dx2] = '1' , nan,,,,,
dsc_dx2_diarrhoea , dsc_dx1_other_2,discharge_information,,,,dropdown , text,Diarrhoea / Acute GE (Gastro-Enteritis) , Other Primary discharge diagnoses  2,"1,Non-bloody | 2, bloody | 3, No classification ", nan,,,,,,,,,[dsc_dx2] = '1' , nan,,,,,
dsc_dx2_dehydrat , dsc_dx2,discharge_information,,nan , Secondary diagnosis (Enter all other diagnosis),dropdown , yesno,Dehydration , Is there a secondary diagnosis?,"1,Shock |2, Severe | 3, Some|4, No Classification ", nan,,,,,,,,,[dsc_dx2] = '1' , nan,,,nan , RH,
dsc_dx2_hiv , dsc_dx2_malaria,discharge_information,,,,dropdown,,HIV / AIDS , Malaria,"1,Known | 2, Possible "," 1,Severe | 2, Non severe |3, Non Classified",,,,,,,,,[dsc_dx2] = '1', ,,,,,
dsc_dx2_malnutr , dsc_dx2_pneum,discharge_information,,,,dropdown,,Malnutrition , Pneumonia,"1,Kwashiorkor | 2, Marasmus | 3, Marasmus-Kwashiorkor | 5, mild | 6, moderate| 7, Severe | 8, No classification "," 1,Very Severe | 2, Severe |3, Non Severe |4,No classification",,,,,,,,,[dsc_dx2] = '1', ,,,,,
dsc_dx2_anaemia , dsc_dx2_diarrhoea,discharge_information,,,,dropdown,,Anaemia , Diarrhoea / Acute GE (Gastro-Enteritis),"1, Severe|2, Non Severe | 3, No classification "," 1,Non-bloody | 2, bloody | 3, No classification",,,,,,,,,[dsc_dx2] = '1', ,,,,,
dsc_dx2_meningitis , dsc_dx2_dehydrat,discharge_information,,,,yesno , dropdown,Meningitis , Dehydration,nan ," 1,Shock |2, Severe | 3, Some|4, No Classification",,,,,,,,,[dsc_dx2] = '1', ,,,RH , nan,
dsc_dx2_asthma , dsc_dx2_hiv,discharge_information,,,,dropdown,,Asthma , HIV / AIDS,"1,Very Severe | 2, Severe |3, Non Severe (mild) |4,No classification "," 1,Known | 2, Possible",,,,,,,,,[dsc_dx2] = '1', ,,,,,
dsc_dx2_tb , dsc_dx2_malnutr,discharge_information,,,,dropdown,,TB , Malnutrition,"1, PTB | 2, Extra-Pulmonary "," 1,Kwashiorkor | 2, Marasmus | 3, Marasmus-Kwashiorkor | 5, mild | 6, moderate| 7, Severe | 8, No classification",,,,,,,,,[dsc_dx2] = '1', ,,,RH , nan,
dsc_dx2_other_1 , dsc_dx2_anaemia,discharge_information,,,,dropdown,,Other  secondary discharge diagnoses 1 , Anaemia,"2, ACUTE ABDOMEN | 3, Adenoid Hypentropy | 4, Convulsive disorder | 5, Chicken Pox | 6, Epilepsy | 7, Febrile convulsion | 8, Herbal intoxication | 9, Measles | 11, Underweight | 12, URTI | 13, sickle cell disease | 14, Otitis Media | 15, PCP | 17, Broncho spasms | 18, Burns | 19, Broncho pneumonia | 20, Cerebral palsy | 21, Sickle cell disease | 22, Hypoglycemia | 23, Helminthiasis | 24, Tinea spp | 25, Amoebiasis | 26, leukemia | 27, UrinaryTract Infection | 28, Bronchiolitis | 29, Acute respiratory infection | 30, Tonsolitis | 32, Failure to Thrive | 33, Oral Thrush | 34, Oral candidiasis |35, Birth Aspyhxia | 36, Premature/low birth weight | 37, Newborn RDS | 38, Neonatal Sepsis |39,Neonatal Meningitis | 40, Congenital abnormality | 41, Meconium aspiration | 42, Twin delivery | 43, Jaundice | 44, Neonatal Dehydration | 45, Neonatal Shock "," 1, Severe|2, Non Severe | 3, No classification",,,,,,,,,[dsc_dx2] = '1', ,,,,,
dsc_dx2_other_2 , dsc_dx2_meningitis,discharge_information,,,,dropdown , yesno,Other  secondary discharge diagnoses 2 , Meningitis,"2, ACUTE ABDOMEN | 3, Adenoid Hypentropy | 4, Convulsive disorder | 5, Chicken Pox | 6, Epilepsy | 7, Febrile convulsion | 8, Herbal intoxication | 9, Measles | 11, Underweight | 12, URTI | 13, sickle cell disease | 14, Otitis Media | 15, PCP | 17, Broncho spasms | 18, Burns | 19, Broncho pneumonia | 20, Cerebral palsy | 21, Sickle cell disease | 22, Hypoglycemia | 23, Helminthiasis | 24, Tinea spp | 25, Amoebiasis | 26, leukemia | 27, UrinaryTract Infection | 28, Bronchiolitis | 29, Acute respiratory infection | 30, Tonsolitis | 32, Failure to Thrive | 33, Oral Thrush | 34, Oral candidiasis |35, Birth Aspyhxia | 36, Premature/low birth weight | 37, Newborn RDS | 38, Neonatal Sepsis |39,Neonatal Meningitis | 40, Congenital abnormality | 41, Meconium aspiration | 42, Twin delivery | 43, Jaundice | 44, Neonatal Dehydration | 45, Neonatal Shock ", nan,,,,,,,,,[dsc_dx2] = '1', ,,,nan , RH,
dsc_dx2_other_3 , dsc_dx2_asthma,discharge_information,,,,text , dropdown,Other  secondary discharge diagnoses 3 , Asthma,nan ," 1,Very Severe | 2, Severe |3, Non Severe (mild) |4,No classification",,,,,,,,,nan , [dsc_dx2] = '1',,,,, [dsc_dx2] = '1'
dsc_dx2_other_4 , dsc_dx2_tb,discharge_information,,,,text , dropdown,Other  secondary discharge diagnoses 4 , TB,nan ," 1, PTB | 2, Extra-Pulmonary",,,,,,,,,nan , [dsc_dx2] = '1',,,nan , RH,
dsc_rx , dsc_dx2_other_1,discharge_information,,Discharge treatment , nan,yesno , dropdown,Discharge treatment prescribed , Other secondary discharge diagnoses 1,nan ," 2, ACUTE ABDOMEN | 3, Adenoid Hypentropy | 4, Convulsive disorder | 5, Chicken Pox | 6, Epilepsy | 7, Febrile convulsion | 8, Herbal intoxication | 9, Measles | 11, Underweight | 12, URTI | 13, sickle cell disease | 14, Otitis Media | 15, PCP | 17, Broncho spasms | 18, Burns | 19, Broncho pneumonia | 20, Cerebral palsy | 21, Sickle cell disease | 22, Hypoglycemia | 23, Helminthiasis | 24, Tinea spp | 25, Amoebiasis | 26, leukemia | 27, UrinaryTract Infection | 28, Bronchiolitis | 29, Acute respiratory infection | 30, Tonsolitis | 32, Failure to Thrive | 33, Oral Thrush | 34, Oral candidiasis | 35, Birth Aspyhxia | 36, Premature/low birth weight | 37, Newborn RDS | 38, Neonatal Sepsis | 39, Neonatal Meningitis | 40, Neonatal Congenital abnormality | 41, Neonatal Meconium aspiration | 42, Twin delivery | 43, Neonatal Jaundice | 44, Neonatal Dehydration | 45, Neonatal Shock",,,,,,,,,nan , [dsc_dx2] = '1',,,RH , nan,
dsc_rx1 , dsc_dx2_other_2,discharge_information,,,,dropdown,,Discharge treatment1 , Other secondary discharge diagnoses 2,"1, Amodiaquine|2,Coartem |3, Albendazole | 4, Brufen | 5, Ciprofloxacin |6, Paracetamol |7, cough syrup |8, Erythromycin |9, Albedazole | 10, Cotrimoxazole (Septrin)  |11, Folate | 12, Folic acid | 13, Levamisole | 14, Multivitamin | 15, Nystatin Oral Drops | 16, Phenobarbital | 17, Salbutamol |18, Prednisone | 19, Zinc sulphate | 20, Anti-TB | 21, Paediatric HAART | 22, Iron (ferrous) | 23, clotrimazole  |24, Nystatin Oral drops  | 25, Tetracycline eye ointment | 26, chlopheniramine (piriton) syrup |27,fluconazole "," 2, ACUTE ABDOMEN | 3, Adenoid Hypentropy | 4, Convulsive disorder | 5, Chicken Pox | 6, Epilepsy | 7, Febrile convulsion | 8, Herbal intoxication | 9, Measles | 11, Underweight | 12, URTI | 13, sickle cell disease | 14, Otitis Media | 15, PCP | 17, Broncho spasms | 18, Burns | 19, Broncho pneumonia | 20, Cerebral palsy | 21, Sickle cell disease | 22, Hypoglycemia | 23, Helminthiasis | 24, Tinea spp | 25, Amoebiasis | 26, leukemia | 27, UrinaryTract Infection | 28, Bronchiolitis | 29, Acute respiratory infection | 30, Tonsolitis | 32, Failure to Thrive | 33, Oral Thrush | 34, Oral candidiasis | 35, Birth Aspyhxia | 36, Premature/low birth weight | 37, Newborn RDS | 38, Neonatal Sepsis | 39, Neonatal Meningitis | 40, Neonatal Congenital abnormality | 41, Neonatal Meconium aspiration | 42, Neonatal Twin delivery | 43, Neonatal Jaundice | 44, Neonatal Dehydration | 45, Neonatal Shock",,,,,,,,,[dsc_rx]='1' , [dsc_dx2] = '1',,,,,
dsc_rx2 , dsc_dx2_other_3,discharge_information,,,,dropdown , text,Discharge treatment2 , Other  secondary discharge diagnoses 3,"1, Amodiaquine|2,Coartem |3, Albendazole | 4, Brufen | 5, Ciprofloxacin |6, Paracetamol |7, cough syrup |8, Erythromycin |9, Albedazole | 10, Cotrimoxazole (Septrin)  |11, Folate | 12, Folic acid | 13, Levamisole | 14, Multivitamin | 15, Nystatin Oral Drops | 16, Phenobarbital | 17, Salbutamol |18, Prednisone | 19, Zinc sulphate | 20, Anti-TB | 21, Paediatric HAART | 22, Iron (ferrous) | 23, clotrimazole  |24, Nystatin Oral drops  | 25, Tetracycline eye ointment | 26, chlopheniramine (piriton) syrup |27,fluconazole ", nan,,,,,,,,,[dsc_rx]='1' , nan,,,,,
dsc_rx3 , dsc_dx2_other_4,discharge_information,,,,dropdown , text,Discharge treatment3 , Other  secondary discharge diagnoses 4,"1, Amodiaquine|2,Coartem |3, Albendazole | 4, Brufen | 5, Ciprofloxacin |6, Paracetamol |7, cough syrup |8, Erythromycin |9, Albedazole | 10, Cotrimoxazole (Septrin)  |11, Folate | 12, Folic acid | 13, Levamisole | 14, Multivitamin | 15, Nystatin Oral Drops | 16, Phenobarbital | 17, Salbutamol |18, Prednisone | 19, Zinc sulphate | 20, Anti-TB | 21, Paediatric HAART | 22, Iron (ferrous) | 23, clotrimazole  |24, Nystatin Oral drops  | 25, Tetracycline eye ointment | 26, chlopheniramine (piriton) syrup |27,fluconazole ", nan,,,,,,,,,[dsc_rx]='1' , nan,,,,,
dsc_rx4 , dsc_rx,discharge_information,,nan , Discharge treatment,dropdown , yesno,Discharge treatment4 , Discharge treatment prescribed,"1, Amodiaquine|2,Coartem |3, Albendazole | 4, Brufen | 5, Ciprofloxacin |6, Paracetamol |7, cough syrup |8, Erythromycin |9, Albedazole | 10, Cotrimoxazole (Septrin)  |11, Folate | 12, Folic acid | 13, Levamisole | 14, Multivitamin | 15, Nystatin Oral Drops | 16, Phenobarbital | 17, Salbutamol |18, Prednisone | 19, Zinc sulphate | 20, Anti-TB | 21, Paediatric HAART | 22, Iron (ferrous) | 23, clotrimazole  |24, Nystatin Oral drops  | 25, Tetracycline eye ointment | 26, chlopheniramine (piriton) syrup |27,fluconazole ", nan,,,,,,,,,[dsc_rx]='1' , nan,,,nan , RH,
dsc_rx5 , dsc_rx1,discharge_information,,,,dropdown,,Discharge treatment5 , Discharge treatment1,"1, Amodiaquine|2,Coartem |3, Albendazole | 4, Brufen | 5, Ciprofloxacin |6, Paracetamol |7, cough syrup |8, Erythromycin |9, Albedazole | 10, Cotrimoxazole (Septrin)  |11, Folate | 12, Folic acid | 13, Levamisole | 14, Multivitamin | 15, Nystatin Oral Drops | 16, Phenobarbital | 17, Salbutamol |18, Prednisone | 19, Zinc sulphate | 20, Anti-TB | 21, Paediatric HAART | 22, Iron (ferrous) | 23, clotrimazole  |24, Nystatin Oral drops  | 25, Tetracycline eye ointment | 26, chlopheniramine (piriton) syrup |27,fluconazole",,,,,,,,,,[dsc_rx]='1', ,,,,,
dsc_rx_other1 , dsc_rx2,discharge_information,,,,text , dropdown,Discharge treatment_other1 , Discharge treatment2,nan ," 1, Amodiaquine|2,Coartem |3, Albendazole | 4, Brufen | 5, Ciprofloxacin |6, Paracetamol |7, cough syrup |8, Erythromycin |9, Albedazole | 10, Cotrimoxazole (Septrin)  |11, Folate | 12, Folic acid | 13, Levamisole | 14, Multivitamin | 15, Nystatin Oral Drops | 16, Phenobarbital | 17, Salbutamol |18, Prednisone | 19, Zinc sulphate | 20, Anti-TB | 21, Paediatric HAART | 22, Iron (ferrous) | 23, clotrimazole  |24, Nystatin Oral drops  | 25, Tetracycline eye ointment | 26, chlopheniramine (piriton) syrup |27,fluconazole",,,,,,,,,[dsc_rx]='1', ,,,,,
dsc_rx_other2 , dsc_rx3,discharge_information,,,,text , dropdown,Discharge treatment_other2 , Discharge treatment3,nan ," 1, Amodiaquine|2,Coartem |3, Albendazole | 4, Brufen | 5, Ciprofloxacin |6, Paracetamol |7, cough syrup |8, Erythromycin |9, Albedazole | 10, Cotrimoxazole (Septrin)  |11, Folate | 12, Folic acid | 13, Levamisole | 14, Multivitamin | 15, Nystatin Oral Drops | 16, Phenobarbital | 17, Salbutamol |18, Prednisone | 19, Zinc sulphate | 20, Anti-TB | 21, Paediatric HAART | 22, Iron (ferrous) | 23, clotrimazole  |24, Nystatin Oral drops  | 25, Tetracycline eye ointment | 26, chlopheniramine (piriton) syrup |27,fluconazole",,,,,,,,,[dsc_rx]='1', ,,,,,
